"measure_id","data_periods","methodologies","national_stratifications","population_methodology_tree","populations","state_or_territories","state_stratifications","stratifications","value_indicators","value_types"
"CD.1","[{""display_name"": ""July 2019"", ""id"": 765}, {""display_name"": ""July 2020"", ""id"": 766}, {""display_name"": ""July 2021"", ""id"": 767}, {""display_name"": ""July 2022"", ""id"": 814}]","[]","","{}","[]","[""AK"", ""AL"", ""AR"", ""AZ"", ""CA"", ""CO"", ""CT"", ""DC"", ""DE"", ""FL"", ""GA"", ""HI"", ""IA"", ""ID"", ""IL"", ""IN"", ""KS"", ""KY"", ""LA"", ""MA"", ""MD"", ""ME"", ""MI"", ""MN"", ""MO"", ""MS"", ""MT"", ""NC"", ""ND"", ""NE"", ""NH"", ""NJ"", ""NM"", ""NV"", ""NY"", ""OH"", ""OK"", ""OR"", ""PA"", ""RI"", ""SC"", ""SD"", ""TN"", ""TX"", ""UT"", ""VA"", ""VT"", ""WA"", ""WI"", ""WV"", ""WY""]","{""display_name"": ""Type of Integrated Care"", ""values"": [{""value"": ""Any Integrated Care"", ""order"": ""1"", ""id"": 245, ""substratification"": null}, {""value"": ""Exclusively Aligned Integrated Care"", ""order"": ""2"", ""id"": 246, ""substratification"": null}]}","{""display_name"": ""Type of Integrated Care"", ""values"": [{""value"": ""Any Integrated Care"", ""order"": ""1"", ""id"": 245, ""substratification"": null}, {""value"": ""Exclusively Aligned Integrated Care"", ""order"": ""2"", ""id"": 246, ""substratification"": null}]}","[""percentage""]","[{""display_name"": ""Percentage of Full-Benefit Dually Eligible Individuals in Exclusively Aligned Integrated Programs"", ""id"": 976}, {""display_name"": ""Percentage of Full-Benefit Dually Eligible Individuals in Integrated Programs"", ""id"": 977}]"
"CD.2","[{""display_name"": ""May 31, 2023"", ""id"": 768}]","[]","","{}","[]","[""AK"", ""AL"", ""AR"", ""AZ"", ""CA"", ""CO"", ""CT"", ""DC"", ""DE"", ""FL"", ""GA"", ""HI"", ""IA"", ""ID"", ""IL"", ""IN"", ""KS"", ""KY"", ""LA"", ""MA"", ""MD"", ""ME"", ""MI"", ""MN"", ""MO"", ""MS"", ""MT"", ""NC"", ""ND"", ""NE"", ""NH"", ""NJ"", ""NM"", ""NV"", ""NY"", ""OH"", ""OK"", ""OR"", ""PA"", ""RI"", ""SC"", ""SD"", ""TN"", ""TX"", ""UT"", ""VA"", ""VT"", ""WA"", ""WI"", ""WV"", ""WY""]","{""display_name"": ""Authority Type"", ""values"": [{""value"": ""All Authorities"", ""order"": ""1"", ""id"": 908, ""substratification"": null}, {""value"": ""1915(c) Waiver"", ""order"": ""2"", ""id"": 256, ""substratification"": null}, {""value"": ""1915(i) SPA"", ""order"": ""3"", ""id"": 254, ""substratification"": null}, {""value"": ""1915(j) SPA"", ""order"": ""4"", ""id"": 252, ""substratification"": null}, {""value"": ""1915(k) SPA"", ""order"": ""5"", ""id"": 253, ""substratification"": null}, {""value"": ""Section 1115 Demonstration"", ""order"": ""6"", ""id"": 255, ""substratification"": null}]}","{""display_name"": ""Authority Type"", ""values"": [{""value"": ""All Authorities"", ""order"": ""1"", ""id"": 908, ""substratification"": null}, {""value"": ""1915(c) Waiver"", ""order"": ""2"", ""id"": 256, ""substratification"": null}, {""value"": ""1915(i) SPA"", ""order"": ""3"", ""id"": 254, ""substratification"": null}, {""value"": ""1915(j) SPA"", ""order"": ""4"", ""id"": 252, ""substratification"": null}, {""value"": ""1915(k) SPA"", ""order"": ""5"", ""id"": 253, ""substratification"": null}, {""value"": ""Section 1115 Demonstration"", ""order"": ""6"", ""id"": 255, ""substratification"": null}]}","[""text""]","[{""display_name"": ""Authority Status"", ""id"": 660}]"
"CD.3","[{""display_name"": ""May 31, 2023"", ""id"": 768}]","[]","","{}","[]","[""AK"", ""AL"", ""AR"", ""AZ"", ""CA"", ""CO"", ""CT"", ""DC"", ""DE"", ""FL"", ""GA"", ""HI"", ""IA"", ""ID"", ""IL"", ""IN"", ""KS"", ""KY"", ""LA"", ""MA"", ""MD"", ""ME"", ""MI"", ""MN"", ""MO"", ""MS"", ""MT"", ""NC"", ""ND"", ""NE"", ""NH"", ""NJ"", ""NM"", ""NV"", ""NY"", ""OH"", ""OK"", ""OR"", ""PA"", ""RI"", ""SC"", ""SD"", ""TN"", ""TX"", ""UT"", ""VA"", ""VT"", ""WA"", ""WI"", ""WV"", ""WY""]","","","[""text""]","[{""display_name"": ""Approval Status of States' STPs"", ""id"": 965}]"
"CD.4","[{""display_name"": ""2016"", ""id"": 616}, {""display_name"": ""2017"", ""id"": 617}, {""display_name"": ""2018"", ""id"": 532}, {""display_name"": ""2019"", ""id"": 533}, {""display_name"": ""2020"", ""id"": 534}, {""display_name"": ""2021"", ""id"": 531}]","[]","","{}","[]","[""AK"", ""AL"", ""AR"", ""AZ"", ""CA"", ""CO"", ""CT"", ""DC"", ""DE"", ""FL"", ""GA"", ""HI"", ""IA"", ""ID"", ""IL"", ""IN"", ""KS"", ""KY"", ""LA"", ""MA"", ""MD"", ""ME"", ""MI"", ""MN"", ""MO"", ""MS"", ""MT"", ""NC"", ""ND"", ""NE"", ""NH"", ""NJ"", ""NM"", ""NV"", ""NY"", ""OH"", ""OK"", ""OR"", ""PA"", ""PR"", ""RI"", ""SC"", ""SD"", ""TN"", ""TX"", ""U.S."", ""UT"", ""VA"", ""VT"", ""WA"", ""WI"", ""WV"", ""WY""]","","","[""count"", ""percentage""]","[{""display_name"": ""Number of Medicaid Enrollees"", ""id"": 670}, {""display_name"": ""Percentage of Medicaid Enrollees"", ""id"": 671}]"
"CD.5","[{""display_name"": ""2016"", ""id"": 616}, {""display_name"": ""2017"", ""id"": 617}, {""display_name"": ""2018"", ""id"": 532}, {""display_name"": ""2019"", ""id"": 533}, {""display_name"": ""2020"", ""id"": 534}, {""display_name"": ""2021"", ""id"": 531}]","[]","","{}","[]","[""AK"", ""AL"", ""AR"", ""AZ"", ""CA"", ""CO"", ""CT"", ""DC"", ""DE"", ""FL"", ""GA"", ""HI"", ""IA"", ""ID"", ""IL"", ""IN"", ""KS"", ""KY"", ""LA"", ""MA"", ""MD"", ""ME"", ""MI"", ""MN"", ""MO"", ""MS"", ""MT"", ""NC"", ""ND"", ""NE"", ""NH"", ""NJ"", ""NM"", ""NV"", ""NY"", ""OH"", ""OK"", ""OR"", ""PA"", ""PR"", ""RI"", ""SC"", ""SD"", ""TN"", ""TX"", ""U.S."", ""UT"", ""VA"", ""VT"", ""WA"", ""WI"", ""WV"", ""WY""]","","","[""count"", ""percentage""]","[{""display_name"": ""Number of Managed Care LTSS Enrollees"", ""id"": 672}, {""display_name"": ""Percent of Managed Care LTSS Enrollees"", ""id"": 673}]"
"CD.6","[{""display_name"": ""2008 to 2021"", ""id"": 769}, {""display_name"": ""2017"", ""id"": 617}, {""display_name"": ""2018"", ""id"": 532}, {""display_name"": ""2019"", ""id"": 533}, {""display_name"": ""2020"", ""id"": 534}, {""display_name"": ""2021"", ""id"": 531}]","[]","","{}","[]","[""AK"", ""AL"", ""AR"", ""AZ"", ""CA"", ""CO"", ""CT"", ""DC"", ""DE"", ""FL"", ""GA"", ""HI"", ""IA"", ""ID"", ""IL"", ""IN"", ""KS"", ""KY"", ""LA"", ""MA"", ""MD"", ""ME"", ""MI"", ""MN"", ""MO"", ""MS"", ""MT"", ""NC"", ""ND"", ""NE"", ""NH"", ""NJ"", ""NM"", ""NV"", ""NY"", ""OH"", ""OK"", ""OR"", ""PA"", ""RI"", ""SC"", ""SD"", ""TN"", ""TX"", ""U.S."", ""UT"", ""VA"", ""VT"", ""WA"", ""WI"", ""WV"", ""WY""]","{""display_name"": ""Transitions"", ""values"": [{""value"": ""Total Transitions"", ""order"": ""1"", ""id"": 338, ""substratification"": null}, {""value"": ""Older adults"", ""order"": ""2"", ""id"": 343, ""substratification"": null}, {""value"": ""Physical Disabilities"", ""order"": ""3"", ""id"": 340, ""substratification"": null}, {""value"": ""Intellectual or Developmental Disabilities"", ""order"": ""4"", ""id"": 341, ""substratification"": null}, {""value"": ""Severe Mental Illness"", ""order"": ""5"", ""id"": 339, ""substratification"": null}, {""value"": ""Other"", ""order"": ""6"", ""id"": 342, ""substratification"": null}]}","{""display_name"": ""Transitions"", ""values"": [{""value"": ""Total Transitions"", ""order"": ""1"", ""id"": 338, ""substratification"": null}, {""value"": ""Older adults"", ""order"": ""2"", ""id"": 343, ""substratification"": null}, {""value"": ""Physical Disabilities"", ""order"": ""3"", ""id"": 340, ""substratification"": null}, {""value"": ""Intellectual or Developmental Disabilities"", ""order"": ""4"", ""id"": 341, ""substratification"": null}, {""value"": ""Severe Mental Illness"", ""order"": ""5"", ""id"": 339, ""substratification"": null}, {""value"": ""Other"", ""order"": ""6"", ""id"": 342, ""substratification"": null}]}","[""count""]","[{""display_name"": ""Number of Transitions"", ""id"": 676}]"
"CD.7","[{""display_name"": ""2020"", ""id"": 534}, {""display_name"": ""2021"", ""id"": 531}]","[]","","{}","[]","[""AK"", ""AL"", ""AR"", ""AZ"", ""CA"", ""CO"", ""CT"", ""DC"", ""DE"", ""FL"", ""GA"", ""HI"", ""IA"", ""ID"", ""IL"", ""IN"", ""KS"", ""KY"", ""LA"", ""MA"", ""MD"", ""ME"", ""MI"", ""MN"", ""MO"", ""MS"", ""MT"", ""NC"", ""ND"", ""NE"", ""NH"", ""NJ"", ""NM"", ""NV"", ""NY"", ""OH"", ""OK"", ""OR"", ""PA"", ""RI"", ""SC"", ""SD"", ""TN"", ""TX"", ""U.S."", ""UT"", ""VA"", ""VT"", ""WA"", ""WI"", ""WV"", ""WY""]","{""display_name"": ""Type of Service"", ""values"": [{""value"": ""Total LTSS"", ""order"": ""1"", ""id"": 973, ""substratification"": null}, {""value"": ""Institutional LTSS"", ""order"": ""2"", ""id"": 970, ""substratification"": null}, {""value"": ""HCBS"", ""order"": ""3"", ""id"": 972, ""substratification"": null}, {""value"": ""Both institutional LTSS and HCBS"", ""order"": ""4"", ""id"": 971, ""substratification"": null}]}","{""display_name"": ""Type of Service"", ""values"": [{""value"": ""Total LTSS"", ""order"": ""1"", ""id"": 973, ""substratification"": null}, {""value"": ""Institutional LTSS"", ""order"": ""2"", ""id"": 970, ""substratification"": null}, {""value"": ""HCBS"", ""order"": ""3"", ""id"": 972, ""substratification"": null}, {""value"": ""Both institutional LTSS and HCBS"", ""order"": ""4"", ""id"": 971, ""substratification"": null}]}","[""count"", ""percentage""]","[{""display_name"": ""Number of users"", ""id"": 978}, {""display_name"": ""Percentage of LTSS users"", ""id"": 979}, {""display_name"": ""Percentage of Medicaid beneficiaries"", ""id"": 980}]"
"DS.1","[{""display_name"": ""2018"", ""id"": 532}, {""display_name"": ""2019"", ""id"": 533}, {""display_name"": ""2020"", ""id"": 534}]","[]","","{}","[]","[""AK"", ""AL"", ""AR"", ""AZ"", ""CA"", ""CO"", ""CT"", ""DC"", ""DE"", ""FL"", ""GA"", ""HI"", ""IA"", ""ID"", ""IL"", ""IN"", ""KS"", ""KY"", ""LA"", ""MA"", ""MD"", ""ME"", ""MI"", ""MN"", ""MO"", ""MS"", ""MT"", ""NC"", ""ND"", ""NE"", ""NH"", ""NJ"", ""NM"", ""NV"", ""NY"", ""OH"", ""OK"", ""OR"", ""PA"", ""PR"", ""RI"", ""SC"", ""SD"", ""TN"", ""TX"", ""UT"", ""VA"", ""VT"", ""WA"", ""WI"", ""WV"", ""WY""]","{""display_name"": ""Core Set"", ""values"": [{""value"": ""Child Core Set"", ""order"": ""1"", ""id"": 243, ""substratification"": null}, {""value"": ""Adult Core Set"", ""order"": ""2"", ""id"": 244, ""substratification"": null}, {""value"": ""Behavioral Health Core Set"", ""order"": ""3"", ""id"": 241, ""substratification"": null}, {""value"": ""Maternity Core Set"", ""order"": ""4"", ""id"": 242, ""substratification"": null}]}","{""display_name"": ""Core Set"", ""values"": [{""value"": ""Child Core Set"", ""order"": ""1"", ""id"": 243, ""substratification"": null}, {""value"": ""Adult Core Set"", ""order"": ""2"", ""id"": 244, ""substratification"": null}, {""value"": ""Behavioral Health Core Set"", ""order"": ""3"", ""id"": 241, ""substratification"": null}, {""value"": ""Maternity Core Set"", ""order"": ""4"", ""id"": 242, ""substratification"": null}]}","[""count"", ""percentage""]","[{""display_name"": ""Number of Core Set Measures Reported"", ""id"": 655}, {""display_name"": ""Percentage of Core Set Measures Reported"", ""id"": 656}]"
"DS.2","[{""display_name"": ""May 31, 2023"", ""id"": 768}]","[]","","{}","[]","[""AK"", ""AL"", ""AR"", ""AZ"", ""CA"", ""CO"", ""CT"", ""DC"", ""DE"", ""FL"", ""GA"", ""HI"", ""IA"", ""ID"", ""IL"", ""IN"", ""KS"", ""KY"", ""LA"", ""MA"", ""MD"", ""ME"", ""MI"", ""MN"", ""MO"", ""MS"", ""MT"", ""NC"", ""ND"", ""NE"", ""NH"", ""NJ"", ""NM"", ""NV"", ""NY"", ""OH"", ""OK"", ""OR"", ""PA"", ""RI"", ""SC"", ""SD"", ""TN"", ""TX"", ""UT"", ""VA"", ""VT"", ""WA"", ""WI"", ""WV"", ""WY""]","","","[""text""]","[{""display_name"": ""Received Medicare Data to Coordinate Care for Dually Eligible Individuals"", ""id"": 669}]"
"DS.3","[{""display_name"": ""2021"", ""id"": 531}]","[]","","{}","[]","[""AK"", ""AL"", ""AR"", ""AZ"", ""CA"", ""CO"", ""CT"", ""DC"", ""DE"", ""FL"", ""GA"", ""GU"", ""HI"", ""IA"", ""ID"", ""IL"", ""IN"", ""KS"", ""KY"", ""LA"", ""MA"", ""MD"", ""ME"", ""MI"", ""MN"", ""MO"", ""MS"", ""MT"", ""NC"", ""ND"", ""NE"", ""NH"", ""NJ"", ""NM"", ""NV"", ""NY"", ""OH"", ""OK"", ""OR"", ""PA"", ""PR"", ""RI"", ""SC"", ""SD"", ""TN"", ""TX"", ""UT"", ""VA"", ""VI"", ""VT"", ""WA"", ""WI"", ""WV"", ""WY""]","","","[""text""]","[{""display_name"": ""Data Quality Assessment"", ""id"": 657}]"
"EE.1","[{""display_name"": ""2010"", ""id"": 623}, {""display_name"": ""2011"", ""id"": 624}, {""display_name"": ""2012"", ""id"": 625}, {""display_name"": ""2013"", ""id"": 626}, {""display_name"": ""2014"", ""id"": 627}, {""display_name"": ""2015"", ""id"": 628}, {""display_name"": ""2016"", ""id"": 616}, {""display_name"": ""2017"", ""id"": 617}, {""display_name"": ""2018"", ""id"": 532}, {""display_name"": ""2019"", ""id"": 533}, {""display_name"": ""2020"", ""id"": 534}, {""display_name"": ""2021"", ""id"": 531}]","[]","","{}","[]","[]","","","[""count"", ""percentage""]","[{""display_name"": ""Annual Percentage Change"", ""id"": 682}, {""display_name"": ""Enrollees in Millions"", ""id"": 683}]"
"EE.2","[{""display_name"": ""2021"", ""id"": 531}]","[]","","{}","[]","[""AK"", ""AL"", ""AR"", ""AZ"", ""CA"", ""CO"", ""CT"", ""DC"", ""DE"", ""FL"", ""GA"", ""HI"", ""IA"", ""ID"", ""IL"", ""IN"", ""KS"", ""KY"", ""LA"", ""MA"", ""MD"", ""ME"", ""MI"", ""MN"", ""MO"", ""MS"", ""MT"", ""NC"", ""ND"", ""NE"", ""NH"", ""NJ"", ""NM"", ""NV"", ""NY"", ""OH"", ""OK"", ""OR"", ""PA"", ""RI"", ""SC"", ""SD"", ""TN"", ""TX"", ""UT"", ""VA"", ""VT"", ""WA"", ""WI"", ""WV"", ""WY""]","","","[""percentage""]","[{""display_name"": ""Percentage of Births"", ""id"": 652}]"
"EE.3","[{""display_name"": ""2006"", ""id"": 619}, {""display_name"": ""2007"", ""id"": 620}, {""display_name"": ""2008"", ""id"": 621}, {""display_name"": ""2009"", ""id"": 622}, {""display_name"": ""2010"", ""id"": 623}, {""display_name"": ""2011"", ""id"": 624}, {""display_name"": ""2012"", ""id"": 625}, {""display_name"": ""2013"", ""id"": 626}, {""display_name"": ""2014"", ""id"": 627}, {""display_name"": ""2015"", ""id"": 628}, {""display_name"": ""2016"", ""id"": 616}, {""display_name"": ""2017"", ""id"": 617}, {""display_name"": ""2018"", ""id"": 532}, {""display_name"": ""2019"", ""id"": 533}, {""display_name"": ""2020"", ""id"": 534}, {""display_name"": ""2021"", ""id"": 531}]","[]","","{}","[]","[]","","","[""count"", ""percentage""]","[{""display_name"": ""Number of Full-Benefit Dually Eligible Enrollees"", ""id"": 981}, {""display_name"": ""Percentage of Full-Benefit Dually Eligible Enrollees"", ""id"": 982}]"
"EE.4","[{""display_name"": ""December 2017"", ""id"": 770}, {""display_name"": ""December 2018"", ""id"": 771}, {""display_name"": ""December 2019"", ""id"": 772}, {""display_name"": ""December 2020"", ""id"": 773}, {""display_name"": ""June 2017"", ""id"": 774}, {""display_name"": ""June 2018"", ""id"": 775}, {""display_name"": ""June 2019"", ""id"": 776}, {""display_name"": ""June 2020"", ""id"": 777}, {""display_name"": ""March 2017"", ""id"": 778}, {""display_name"": ""March 2018"", ""id"": 779}, {""display_name"": ""March 2019"", ""id"": 780}, {""display_name"": ""March 2020"", ""id"": 781}, {""display_name"": ""March 2021"", ""id"": 782}, {""display_name"": ""September 2017"", ""id"": 783}, {""display_name"": ""September 2018"", ""id"": 784}, {""display_name"": ""September 2019"", ""id"": 785}, {""display_name"": ""September 2020"", ""id"": 786}]","[]","","{}","[]","[""AK"", ""AL"", ""AR"", ""AZ"", ""CA"", ""CO"", ""CT"", ""DC"", ""DE"", ""FL"", ""GA"", ""HI"", ""IA"", ""ID"", ""IL"", ""IN"", ""KS"", ""KY"", ""LA"", ""MA"", ""MD"", ""ME"", ""MI"", ""MN"", ""MO"", ""MS"", ""MT"", ""NC"", ""ND"", ""NE"", ""NH"", ""NJ"", ""NM"", ""NV"", ""NY"", ""OH"", ""OK"", ""OR"", ""PA"", ""RI"", ""SC"", ""SD"", ""TN"", ""TX"", ""U.S."", ""UT"", ""VA"", ""VT"", ""WA"", ""WI"", ""WV"", ""WY""]","","","[""count"", ""percentage""]","[{""display_name"": ""Number of Full-Benefit Dually Eligible Beneficiaries"", ""id"": 679}, {""display_name"": ""Percentage of Medicaid and CHIP Beneficiaries"", ""id"": 680}]"
"EE.5","[{""display_name"": ""2019"", ""id"": 533}, {""display_name"": ""2020"", ""id"": 534}, {""display_name"": ""2021"", ""id"": 531}]","[]","","{}","[]","[""U.S.""]","","","[""count"", ""percentage""]","[{""display_name"": ""Number of Medicaid and CHIP Enrollees"", ""id"": 694}, {""display_name"": ""Percentage of Medicaid and CHIP Enrollees"", ""id"": 695}]"
"EE.6","[{""display_name"": ""2019"", ""id"": 533}, {""display_name"": ""2020"", ""id"": 534}, {""display_name"": ""2021"", ""id"": 531}]","[]","","{}","[]","[""AK"", ""AL"", ""AR"", ""AZ"", ""CA"", ""CO"", ""CT"", ""DC"", ""DE"", ""FL"", ""GA"", ""HI"", ""IA"", ""ID"", ""IL"", ""IN"", ""KS"", ""KY"", ""LA"", ""MA"", ""MD"", ""ME"", ""MI"", ""MN"", ""MO"", ""MS"", ""MT"", ""NC"", ""ND"", ""NE"", ""NH"", ""NJ"", ""NM"", ""NV"", ""NY"", ""OH"", ""OK"", ""OR"", ""PA"", ""RI"", ""SC"", ""SD"", ""TN"", ""TX"", ""U.S."", ""UT"", ""VA"", ""VT"", ""WA"", ""WI"", ""WV"", ""WY""]","{""display_name"": ""Demographic Category"", ""values"": [{""value"": ""Eligibility Group"", ""order"": ""1"", ""id"": 910, ""substratification"": null}, {""value"": ""Age"", ""order"": ""2"", ""id"": 911, ""substratification"": null}, {""value"": ""Sex or Gender Identity"", ""order"": ""3"", ""id"": 950, ""substratification"": null}]}","{""display_name"": ""Demographic Category"", ""values"": [{""value"": ""Eligibility Group"", ""order"": ""1"", ""id"": 910, ""substratification"": null}, {""value"": ""Age"", ""order"": ""2"", ""id"": 911, ""substratification"": null}, {""value"": ""Sex or Gender Identity"", ""order"": ""3"", ""id"": 950, ""substratification"": null}]}","[""count"", ""percentage""]","[{""display_name"": ""Number of Medicaid and CHIP Enrollees"", ""id"": 694}, {""display_name"": ""Percentage of Medicaid and CHIP Enrollees"", ""id"": 695}]"
"EE.7","[{""display_name"": ""April 2018"", ""id"": 787}, {""display_name"": ""April 2019"", ""id"": 788}, {""display_name"": ""April 2020"", ""id"": 789}, {""display_name"": ""April 2021"", ""id"": 790}, {""display_name"": ""April 2022"", ""id"": 791}, {""display_name"": ""August 2017"", ""id"": 792}, {""display_name"": ""August 2018"", ""id"": 793}, {""display_name"": ""August 2019"", ""id"": 794}, {""display_name"": ""August 2020"", ""id"": 795}, {""display_name"": ""August 2021"", ""id"": 796}, {""display_name"": ""August 2022"", ""id"": 797}, {""display_name"": ""December 2017"", ""id"": 770}, {""display_name"": ""December 2018"", ""id"": 771}, {""display_name"": ""December 2019"", ""id"": 772}, {""display_name"": ""December 2020"", ""id"": 773}, {""display_name"": ""December 2021"", ""id"": 798}, {""display_name"": ""December 2022"", ""id"": 799}, {""display_name"": ""February 2018"", ""id"": 800}, {""display_name"": ""February 2019"", ""id"": 801}, {""display_name"": ""February 2020"", ""id"": 802}, {""display_name"": ""February 2021"", ""id"": 803}, {""display_name"": ""February 2022"", ""id"": 804}, {""display_name"": ""February 2023"", ""id"": 805}, {""display_name"": ""January 2018"", ""id"": 806}, {""display_name"": ""January 2019"", ""id"": 807}, {""display_name"": ""January 2020"", ""id"": 808}, {""display_name"": ""January 2021"", ""id"": 809}, {""display_name"": ""January 2022"", ""id"": 810}, {""display_name"": ""January 2023"", ""id"": 811}, {""display_name"": ""July 2017"", ""id"": 812}, {""display_name"": ""July 2018"", ""id"": 813}, {""display_name"": ""July 2019"", ""id"": 765}, {""display_name"": ""July 2020"", ""id"": 766}, {""display_name"": ""July 2021"", ""id"": 767}, {""display_name"": ""July 2022"", ""id"": 814}, {""display_name"": ""June 2017"", ""id"": 774}, {""display_name"": ""June 2018"", ""id"": 775}, {""display_name"": ""June 2019"", ""id"": 776}, {""display_name"": ""June 2020"", ""id"": 777}, {""display_name"": ""June 2021"", ""id"": 815}, {""display_name"": ""June 2022"", ""id"": 816}, {""display_name"": ""March 2018"", ""id"": 779}, {""display_name"": ""March 2019"", ""id"": 780}, {""display_name"": ""March 2020"", ""id"": 781}, {""display_name"": ""March 2021"", ""id"": 782}, {""display_name"": ""March 2022"", ""id"": 817}, {""display_name"": ""March 2023"", ""id"": 818}, {""display_name"": ""May 2018"", ""id"": 819}, {""display_name"": ""May 2019"", ""id"": 820}, {""display_name"": ""May 2020"", ""id"": 821}, {""display_name"": ""May 2021"", ""id"": 822}, {""display_name"": ""May 2022"", ""id"": 823}, {""display_name"": ""November 2017"", ""id"": 824}, {""display_name"": ""November 2018"", ""id"": 825}, {""display_name"": ""November 2019"", ""id"": 826}, {""display_name"": ""November 2020"", ""id"": 827}, {""display_name"": ""November 2021"", ""id"": 828}, {""display_name"": ""November 2022"", ""id"": 829}, {""display_name"": ""October 2017"", ""id"": 830}, {""display_name"": ""October 2018"", ""id"": 831}, {""display_name"": ""October 2019"", ""id"": 832}, {""display_name"": ""October 2020"", ""id"": 833}, {""display_name"": ""October 2021"", ""id"": 834}, {""display_name"": ""October 2022"", ""id"": 835}, {""display_name"": ""September 2017"", ""id"": 783}, {""display_name"": ""September 2018"", ""id"": 784}, {""display_name"": ""September 2019"", ""id"": 785}, {""display_name"": ""September 2020"", ""id"": 786}, {""display_name"": ""September 2021"", ""id"": 836}, {""display_name"": ""September 2022"", ""id"": 837}]","[]","","{}","[]","[""AK"", ""AL"", ""AR"", ""AZ"", ""CA"", ""CO"", ""CT"", ""DC"", ""DE"", ""FL"", ""GA"", ""HI"", ""IA"", ""ID"", ""IL"", ""IN"", ""KS"", ""KY"", ""LA"", ""MA"", ""MD"", ""ME"", ""MI"", ""MN"", ""MO"", ""MS"", ""MT"", ""NC"", ""ND"", ""NE"", ""NH"", ""NJ"", ""NM"", ""NV"", ""NY"", ""OH"", ""OK"", ""OR"", ""PA"", ""RI"", ""SC"", ""SD"", ""TN"", ""TX"", ""U.S."", ""UT"", ""VA"", ""VT"", ""WA"", ""WI"", ""WV"", ""WY""]","{""display_name"": ""Enrollment Category"", ""values"": [{""value"": ""Total Medicaid and CHIP Enrollment"", ""order"": ""1"", ""id"": 400, ""substratification"": null}, {""value"": ""Medicaid Child and CHIP Enrollment"", ""order"": ""2"", ""id"": 399, ""substratification"": null}, {""value"": ""Total Medicaid Enrollment"", ""order"": ""3"", ""id"": 402, ""substratification"": null}, {""value"": ""Total CHIP Enrollment"", ""order"": ""4"", ""id"": 401, ""substratification"": null}]}","{""display_name"": ""Enrollment Category"", ""values"": [{""value"": ""Total Medicaid and CHIP Enrollment"", ""order"": ""1"", ""id"": 400, ""substratification"": null}, {""value"": ""Medicaid Child and CHIP Enrollment"", ""order"": ""2"", ""id"": 399, ""substratification"": null}, {""value"": ""Total Medicaid Enrollment"", ""order"": ""3"", ""id"": 402, ""substratification"": null}, {""value"": ""Total CHIP Enrollment"", ""order"": ""4"", ""id"": 401, ""substratification"": null}]}","[""count""]","[{""display_name"": ""Number of Enrollees"", ""id"": 689}]"
"EE.8","[{""display_name"": ""April 2016"", ""id"": 838}, {""display_name"": ""April 2017"", ""id"": 839}, {""display_name"": ""April 2018"", ""id"": 787}, {""display_name"": ""April 2019"", ""id"": 788}, {""display_name"": ""April 2020"", ""id"": 789}, {""display_name"": ""April 2021"", ""id"": 790}, {""display_name"": ""April 2022"", ""id"": 791}, {""display_name"": ""August 2016"", ""id"": 840}, {""display_name"": ""August 2017"", ""id"": 792}, {""display_name"": ""August 2018"", ""id"": 793}, {""display_name"": ""August 2019"", ""id"": 794}, {""display_name"": ""August 2020"", ""id"": 795}, {""display_name"": ""August 2021"", ""id"": 796}, {""display_name"": ""August 2022"", ""id"": 797}, {""display_name"": ""December 2016"", ""id"": 841}, {""display_name"": ""December 2017"", ""id"": 770}, {""display_name"": ""December 2018"", ""id"": 771}, {""display_name"": ""December 2019"", ""id"": 772}, {""display_name"": ""December 2020"", ""id"": 773}, {""display_name"": ""December 2021"", ""id"": 798}, {""display_name"": ""February 2016"", ""id"": 842}, {""display_name"": ""February 2017"", ""id"": 843}, {""display_name"": ""February 2018"", ""id"": 800}, {""display_name"": ""February 2019"", ""id"": 801}, {""display_name"": ""February 2020"", ""id"": 802}, {""display_name"": ""February 2021"", ""id"": 803}, {""display_name"": ""February 2022"", ""id"": 804}, {""display_name"": ""January 2016"", ""id"": 844}, {""display_name"": ""January 2017"", ""id"": 845}, {""display_name"": ""January 2018"", ""id"": 806}, {""display_name"": ""January 2019"", ""id"": 807}, {""display_name"": ""January 2020"", ""id"": 808}, {""display_name"": ""January 2021"", ""id"": 809}, {""display_name"": ""January 2022"", ""id"": 810}, {""display_name"": ""July 2016"", ""id"": 846}, {""display_name"": ""July 2017"", ""id"": 812}, {""display_name"": ""July 2018"", ""id"": 813}, {""display_name"": ""July 2019"", ""id"": 765}, {""display_name"": ""July 2020"", ""id"": 766}, {""display_name"": ""July 2021"", ""id"": 767}, {""display_name"": ""July 2022"", ""id"": 814}, {""display_name"": ""June 2016"", ""id"": 847}, {""display_name"": ""June 2017"", ""id"": 774}, {""display_name"": ""June 2018"", ""id"": 775}, {""display_name"": ""June 2019"", ""id"": 776}, {""display_name"": ""June 2020"", ""id"": 777}, {""display_name"": ""June 2021"", ""id"": 815}, {""display_name"": ""June 2022"", ""id"": 816}, {""display_name"": ""March 2016"", ""id"": 848}, {""display_name"": ""March 2017"", ""id"": 778}, {""display_name"": ""March 2018"", ""id"": 779}, {""display_name"": ""March 2019"", ""id"": 780}, {""display_name"": ""March 2020"", ""id"": 781}, {""display_name"": ""March 2021"", ""id"": 782}, {""display_name"": ""March 2022"", ""id"": 817}, {""display_name"": ""May 2016"", ""id"": 849}, {""display_name"": ""May 2017"", ""id"": 850}, {""display_name"": ""May 2018"", ""id"": 819}, {""display_name"": ""May 2019"", ""id"": 820}, {""display_name"": ""May 2020"", ""id"": 821}, {""display_name"": ""May 2021"", ""id"": 822}, {""display_name"": ""May 2022"", ""id"": 823}, {""display_name"": ""November 2016"", ""id"": 851}, {""display_name"": ""November 2017"", ""id"": 824}, {""display_name"": ""November 2018"", ""id"": 825}, {""display_name"": ""November 2019"", ""id"": 826}, {""display_name"": ""November 2020"", ""id"": 827}, {""display_name"": ""November 2021"", ""id"": 828}, {""display_name"": ""October 2016"", ""id"": 852}, {""display_name"": ""October 2017"", ""id"": 830}, {""display_name"": ""October 2018"", ""id"": 831}, {""display_name"": ""October 2019"", ""id"": 832}, {""display_name"": ""October 2020"", ""id"": 833}, {""display_name"": ""October 2021"", ""id"": 834}, {""display_name"": ""September 2016"", ""id"": 853}, {""display_name"": ""September 2017"", ""id"": 783}, {""display_name"": ""September 2018"", ""id"": 784}, {""display_name"": ""September 2019"", ""id"": 785}, {""display_name"": ""September 2020"", ""id"": 786}, {""display_name"": ""September 2021"", ""id"": 836}, {""display_name"": ""September 2022"", ""id"": 837}]","[]","","{}","[]","[""AK"", ""AL"", ""AR"", ""AS"", ""AZ"", ""CA"", ""CO"", ""CT"", ""DC"", ""DE"", ""FL"", ""GA"", ""GU"", ""HI"", ""IA"", ""ID"", ""IL"", ""IN"", ""KS"", ""KY"", ""LA"", ""MA"", ""MD"", ""ME"", ""MI"", ""MN"", ""MO"", ""MP"", ""MS"", ""MT"", ""NC"", ""ND"", ""NE"", ""NH"", ""NJ"", ""NM"", ""NV"", ""NY"", ""OH"", ""OK"", ""OR"", ""PA"", ""PR"", ""RI"", ""SC"", ""SD"", ""TN"", ""TX"", ""U.S."", ""UT"", ""VA"", ""VI"", ""VT"", ""WA"", ""WI"", ""WV"", ""WY""]","","","[""count"", ""percentage""]","[{""display_name"": ""Number of Medicaid Expansion Adult Enrollees"", ""id"": 665}, {""display_name"": ""Percentage of Total Medicaid Enrollees"", ""id"": 666}]"
"EE.9","[{""display_name"": ""2017"", ""id"": 617}, {""display_name"": ""2018"", ""id"": 532}, {""display_name"": ""2019"", ""id"": 533}, {""display_name"": ""2020"", ""id"": 534}, {""display_name"": ""2021"", ""id"": 531}, {""display_name"": ""2022"", ""id"": 854}]","[]","","{}","[]","[""AK"", ""AL"", ""AR"", ""AZ"", ""CA"", ""CO"", ""CT"", ""DC"", ""DE"", ""FL"", ""GA"", ""HI"", ""IA"", ""ID"", ""IL"", ""IN"", ""KS"", ""KY"", ""LA"", ""MA"", ""MD"", ""ME"", ""MI"", ""MN"", ""MO"", ""MS"", ""MT"", ""NC"", ""ND"", ""NE"", ""NH"", ""NJ"", ""NM"", ""NV"", ""NY"", ""OH"", ""OK"", ""OR"", ""PA"", ""RI"", ""SC"", ""SD"", ""TN"", ""TX"", ""U.S."", ""UT"", ""VA"", ""VT"", ""WA"", ""WI"", ""WV"", ""WY""]","","","[""percentage""]","[{""display_name"": ""Percentage of Population"", ""id"": 690}]"
"EX.1","[{""display_name"": ""2010"", ""id"": 623}, {""display_name"": ""2011"", ""id"": 624}, {""display_name"": ""2012"", ""id"": 625}, {""display_name"": ""2013"", ""id"": 626}, {""display_name"": ""2014"", ""id"": 627}, {""display_name"": ""2015"", ""id"": 628}, {""display_name"": ""2016"", ""id"": 616}, {""display_name"": ""2017"", ""id"": 617}, {""display_name"": ""2018"", ""id"": 532}, {""display_name"": ""2019"", ""id"": 533}, {""display_name"": ""2020"", ""id"": 534}, {""display_name"": ""2021"", ""id"": 531}]","[]","","{}","[]","[]","","","[""currency""]","[{""display_name"": ""Billions of $"", ""id"": 681}]"
"EX.2","[{""display_name"": ""2018"", ""id"": 532}, {""display_name"": ""2019"", ""id"": 533}, {""display_name"": ""2020"", ""id"": 534}, {""display_name"": ""2021"", ""id"": 531}, {""display_name"": ""2022"", ""id"": 854}]","[]","","{}","[]","[""AK"", ""AL"", ""AR"", ""AS"", ""AZ"", ""CA"", ""CO"", ""CT"", ""DC"", ""DE"", ""FL"", ""GA"", ""GU"", ""HI"", ""IA"", ""ID"", ""IL"", ""IN"", ""KS"", ""KY"", ""LA"", ""MA"", ""MD"", ""ME"", ""MI"", ""MN"", ""MO"", ""MP"", ""MS"", ""MT"", ""NC"", ""ND"", ""NE"", ""NH"", ""NJ"", ""NM"", ""NV"", ""NY"", ""OH"", ""OK"", ""OR"", ""PA"", ""PR"", ""RI"", ""SC"", ""SD"", ""TN"", ""TX"", ""U.S."", ""UT"", ""VA"", ""VI"", ""VT"", ""WA"", ""WI"", ""WV"", ""WY""]","{""display_name"": ""Expenditure Type"", ""values"": [{""value"": ""Total Medicaid and CHIP"", ""order"": ""1"", ""id"": 912, ""substratification"": null}, {""value"": ""Medicaid"", ""order"": ""2"", ""id"": 914, ""substratification"": null}, {""value"": ""CHIP"", ""order"": ""3"", ""id"": 913, ""substratification"": null}]}","{""display_name"": ""Expenditure Type"", ""values"": [{""value"": ""Total Medicaid and CHIP"", ""order"": ""1"", ""id"": 912, ""substratification"": null}, {""value"": ""Medicaid"", ""order"": ""2"", ""id"": 914, ""substratification"": null}, {""value"": ""CHIP"", ""order"": ""3"", ""id"": 913, ""substratification"": null}]}","[""currency"", ""percentage""]","[{""display_name"": ""Expenditures (Dollars)"", ""id"": 653}, {""display_name"": ""Percentage of Expenditures"", ""id"": 654}]"
"EX.3","[{""display_name"": ""2022"", ""id"": 854}]","[]","{""display_name"": ""Metric"", ""values"": [{""value"": ""Overall Improper Payment Rate"", ""order"": ""1"", ""id"": 974, ""substratification"": null}, {""value"": ""Improper Payments by Component"", ""order"": ""2"", ""id"": 975, ""substratification"": null}]}","{}","[]","[]","","{""display_name"": ""Metric"", ""values"": [{""value"": ""Overall Improper Payment Rate"", ""order"": ""1"", ""id"": 974, ""substratification"": null}, {""value"": ""Improper Payments by Component"", ""order"": ""2"", ""id"": 975, ""substratification"": null}]}","[""currency"", ""percentage""]","[{""display_name"": ""Payments (Millions of Dollars)"", ""id"": 687}, {""display_name"": ""Share of Federal Expenditures"", ""id"": 688}]"
"EX.4","[{""display_name"": ""2021"", ""id"": 531}]","[]","","{}","[]","[""AK"", ""AL"", ""AR"", ""AZ"", ""CA"", ""CO"", ""CT"", ""DC"", ""DE"", ""FL"", ""GA"", ""HI"", ""IA"", ""ID"", ""IL"", ""IN"", ""KS"", ""KY"", ""LA"", ""MA"", ""MD"", ""ME"", ""MI"", ""MN"", ""MO"", ""MS"", ""MT"", ""NC"", ""ND"", ""NE"", ""NH"", ""NJ"", ""NM"", ""NV"", ""NY"", ""OH"", ""OK"", ""OR"", ""PA"", ""RI"", ""SC"", ""SD"", ""TN"", ""TX"", ""U.S."", ""UT"", ""VA"", ""VT"", ""WA"", ""WI"", ""WV"", ""WY""]","","","[""percentage""]","[{""display_name"": ""HCBS as a Percentage of Total Medicaid LTSS Spending"", ""id"": 663}]"
"EX.5","[{""display_name"": ""2020"", ""id"": 534}, {""display_name"": ""2021"", ""id"": 531}]","[]","","{}","[]","[""AK"", ""AL"", ""AR"", ""AZ"", ""CA"", ""CO"", ""CT"", ""DC"", ""DE"", ""FL"", ""GA"", ""HI"", ""IA"", ""ID"", ""IL"", ""IN"", ""KS"", ""KY"", ""LA"", ""MA"", ""MD"", ""ME"", ""MI"", ""MN"", ""MO"", ""MS"", ""MT"", ""NC"", ""ND"", ""NE"", ""NH"", ""NJ"", ""NM"", ""NV"", ""NY"", ""OH"", ""OK"", ""OR"", ""PA"", ""PR"", ""RI"", ""SC"", ""SD"", ""TN"", ""TX"", ""UT"", ""VA"", ""VI"", ""VT"", ""WA"", ""WI"", ""WV"", ""WY""]","{""display_name"": ""Eligibility Group"", ""values"": [{""value"": ""Total"", ""order"": ""1"", ""id"": 468, ""substratification"": null}, {""value"": ""Children"", ""order"": ""2"", ""id"": 472, ""substratification"": null}, {""value"": ""Adults: Non-Expansion, Non-Disabled, Under Age 65"", ""order"": ""3"", ""id"": 467, ""substratification"": null}, {""value"": ""Aged"", ""order"": ""4"", ""id"": 470, ""substratification"": null}, {""value"": ""People with Disabilities"", ""order"": ""5"", ""id"": 471, ""substratification"": null}, {""value"": ""Adults: ACA Medicaid Expansion"", ""order"": ""6"", ""id"": 469, ""substratification"": null}]}","{""display_name"": ""Eligibility Group"", ""values"": [{""value"": ""Total"", ""order"": ""1"", ""id"": 468, ""substratification"": null}, {""value"": ""Children"", ""order"": ""2"", ""id"": 472, ""substratification"": null}, {""value"": ""Adults: Non-Expansion, Non-Disabled, Under Age 65"", ""order"": ""3"", ""id"": 467, ""substratification"": null}, {""value"": ""Aged"", ""order"": ""4"", ""id"": 470, ""substratification"": null}, {""value"": ""People with Disabilities"", ""order"": ""5"", ""id"": 471, ""substratification"": null}, {""value"": ""Adults: ACA Medicaid Expansion"", ""order"": ""6"", ""id"": 469, ""substratification"": null}]}","[""currency""]","[{""display_name"": ""Per Capita Expenditures"", ""id"": 686}]"
"FS.1","[{""display_name"": ""2016"", ""id"": 616}, {""display_name"": ""2017"", ""id"": 617}, {""display_name"": ""2018"", ""id"": 532}, {""display_name"": ""2019"", ""id"": 533}, {""display_name"": ""2020"", ""id"": 534}, {""display_name"": ""2021"", ""id"": 531}, {""display_name"": ""2022"", ""id"": 854}]","[]","","{}","[]","[]","","","[""count"", ""percentage""]","[{""display_name"": ""Number of Days"", ""id"": 692}, {""display_name"": ""Percentage Approved Within 90 Days"", ""id"": 693}]"
"FS.11","[{""display_name"": ""April 2022"", ""id"": 791}, {""display_name"": ""April 2023"", ""id"": 957}, {""display_name"": ""August 2022"", ""id"": 797}, {""display_name"": ""December 2021"", ""id"": 798}, {""display_name"": ""December 2022"", ""id"": 799}, {""display_name"": ""February 2022"", ""id"": 804}, {""display_name"": ""February 2023"", ""id"": 805}, {""display_name"": ""January 2022"", ""id"": 810}, {""display_name"": ""January 2023"", ""id"": 811}, {""display_name"": ""July 2022"", ""id"": 814}, {""display_name"": ""June 2022"", ""id"": 816}, {""display_name"": ""March 2022"", ""id"": 817}, {""display_name"": ""March 2023"", ""id"": 818}, {""display_name"": ""May 2022"", ""id"": 823}, {""display_name"": ""May 2023"", ""id"": 958}, {""display_name"": ""November 2021"", ""id"": 828}, {""display_name"": ""November 2022"", ""id"": 829}, {""display_name"": ""October 2022"", ""id"": 835}, {""display_name"": ""September 2022"", ""id"": 837}]","[]","","{}","[]","[""AK"", ""AL"", ""AR"", ""AZ"", ""CA"", ""CO"", ""CT"", ""DC"", ""DE"", ""FL"", ""GA"", ""HI"", ""IA"", ""ID"", ""IL"", ""IN"", ""KS"", ""KY"", ""LA"", ""MA"", ""MD"", ""ME"", ""MI"", ""MN"", ""MO"", ""MS"", ""MT"", ""NC"", ""ND"", ""NE"", ""NH"", ""NJ"", ""NM"", ""NV"", ""NY"", ""OH"", ""OK"", ""OR"", ""PA"", ""PR"", ""RI"", ""SC"", ""SD"", ""TN"", ""TX"", ""UT"", ""VA"", ""VI"", ""VT"", ""WA"", ""WI"", ""WV"", ""WY""]","{""display_name"": ""Criteria"", ""values"": [{""value"": ""Overall OBA"", ""order"": ""1"", ""id"": 442, ""substratification"": null}, {""value"": ""Critical Priority"", ""order"": ""2"", ""id"": 444, ""substratification"": null}, {""value"": ""High Priority"", ""order"": ""3"", ""id"": 443, ""substratification"": null}, {""value"": ""Expenditures"", ""order"": ""4"", ""id"": 445, ""substratification"": null}]}","{""display_name"": ""Criteria"", ""values"": [{""value"": ""Overall OBA"", ""order"": ""1"", ""id"": 442, ""substratification"": null}, {""value"": ""Critical Priority"", ""order"": ""2"", ""id"": 444, ""substratification"": null}, {""value"": ""High Priority"", ""order"": ""3"", ""id"": 443, ""substratification"": null}, {""value"": ""Expenditures"", ""order"": ""4"", ""id"": 445, ""substratification"": null}]}","[""text""]","[{""display_name"": ""Assessment"", ""id"": 696}]"
"FS.2","[{""display_name"": ""2020 Q2"", ""id"": 535}, {""display_name"": ""2020 Q3"", ""id"": 536}, {""display_name"": ""2020 Q4"", ""id"": 537}, {""display_name"": ""2021 Q1"", ""id"": 538}, {""display_name"": ""2021 Q2"", ""id"": 539}, {""display_name"": ""2021 Q3"", ""id"": 540}, {""display_name"": ""2021 Q4"", ""id"": 541}, {""display_name"": ""2022 Q1"", ""id"": 542}, {""display_name"": ""2022 Q2"", ""id"": 855}, {""display_name"": ""2022 Q3"", ""id"": 856}, {""display_name"": ""2022 Q4"", ""id"": 857}, {""display_name"": ""2023 Q1"", ""id"": 858}]","[]","","{}","[]","[]","","","[""count""]","[{""display_name"": ""Average Number of Days Between Submission and Approval"", ""id"": 650}]"
"FS.3","[{""display_name"": ""2022"", ""id"": 854}]","[]","","{}","[]","[""AK"", ""AL"", ""AR"", ""AZ"", ""CA"", ""CO"", ""CT"", ""DC"", ""DE"", ""FL"", ""GA"", ""HI"", ""IA"", ""ID"", ""IL"", ""IN"", ""KS"", ""KY"", ""LA"", ""MA"", ""MD"", ""ME"", ""MI"", ""MN"", ""MO"", ""MS"", ""MT"", ""NC"", ""ND"", ""NE"", ""NH"", ""NJ"", ""NM"", ""NV"", ""NY"", ""OH"", ""OK"", ""OR"", ""PA"", ""RI"", ""SC"", ""SD"", ""TN"", ""TX"", ""U.S."", ""UT"", ""VA"", ""VT"", ""WA"", ""WI"", ""WV"", ""WY""]","","","[""percentage""]","[{""display_name"": ""Percentage of CMS 372(S) Reports Considered Timely"", ""id"": 647}]"
"FS.4","[{""display_name"": ""2022"", ""id"": 854}]","[]","","{}","[]","[""AK"", ""AL"", ""AR"", ""AS"", ""AZ"", ""CA"", ""CO"", ""CT"", ""DC"", ""DE"", ""FL"", ""GA"", ""GU"", ""HI"", ""IA"", ""ID"", ""IL"", ""IN"", ""KS"", ""KY"", ""LA"", ""MA"", ""MD"", ""ME"", ""MI"", ""MN"", ""MO"", ""MP"", ""MS"", ""MT"", ""NC"", ""ND"", ""NE"", ""NH"", ""NJ"", ""NM"", ""NV"", ""NY"", ""OH"", ""OK"", ""OR"", ""PA"", ""PR"", ""RI"", ""SC"", ""SD"", ""TN"", ""TX"", ""UT"", ""VA"", ""VI"", ""VT"", ""WA"", ""WI"", ""WV"", ""WY""]","{""display_name"": ""Investigation Type"", ""values"": [{""value"": ""Total Investigations"", ""order"": ""1"", ""id"": 937, ""substratification"": null}, {""value"": ""Number of Investigations using T-MSIS"", ""order"": ""2"", ""id"": 938, ""substratification"": null}]}","{""display_name"": ""Investigation Type"", ""values"": [{""value"": ""Total Investigations"", ""order"": ""1"", ""id"": 937, ""substratification"": null}, {""value"": ""Number of Investigations using T-MSIS"", ""order"": ""2"", ""id"": 938, ""substratification"": null}]}","[""count""]","[{""display_name"": ""Number of Investigations Initiated Using T-MSIS"", ""id"": 859}, {""display_name"": ""Total Number of Initiated Collaborative Investigations"", ""id"": 860}]"
"FS.5","[{""display_name"": ""2022"", ""id"": 854}]","[]","","{}","[]","[""AK"", ""AL"", ""AR"", ""AS"", ""AZ"", ""CA"", ""CO"", ""CT"", ""DC"", ""DE"", ""FL"", ""GA"", ""GU"", ""HI"", ""IA"", ""ID"", ""IL"", ""IN"", ""KS"", ""KY"", ""LA"", ""MA"", ""MD"", ""ME"", ""MI"", ""MN"", ""MO"", ""MP"", ""MS"", ""MT"", ""NC"", ""ND"", ""NE"", ""NH"", ""NJ"", ""NM"", ""NV"", ""NY"", ""OH"", ""OK"", ""OR"", ""PA"", ""PR"", ""RI"", ""SC"", ""SD"", ""TN"", ""TX"", ""UT"", ""VA"", ""VI"", ""VT"", ""WA"", ""WI"", ""WV"", ""WY""]","","","[""text""]","[{""display_name"": ""Participated in HFPP"", ""id"": 662}]"
"FS.6","[{""display_name"": ""2022"", ""id"": 854}]","[]","","{}","[]","[]","","","[""count""]","[{""display_name"": ""Count of Rate Certifications Submitted"", ""id"": 861}, {""display_name"": ""Count of Rate Certifications and Amendments"", ""id"": 862}, {""display_name"": ""Count of Rate Certifications and Amendments Approved"", ""id"": 863}]"
"FS.7","[{""display_name"": ""2020"", ""id"": 534}, {""display_name"": ""2021"", ""id"": 531}, {""display_name"": ""2022"", ""id"": 854}]","[]","","{}","[]","[]","","","[""count""]","[{""display_name"": ""Average Review Time (in Calendar Days)"", ""id"": 674}, {""display_name"": ""Number of Reviews"", ""id"": 675}]"
"FS.8","[{""display_name"": ""April 2019"", ""id"": 788}, {""display_name"": ""April 2020"", ""id"": 789}, {""display_name"": ""April 2021"", ""id"": 790}, {""display_name"": ""April 2022"", ""id"": 791}, {""display_name"": ""February 2019"", ""id"": 801}, {""display_name"": ""February 2020"", ""id"": 802}, {""display_name"": ""February 2021"", ""id"": 803}, {""display_name"": ""February 2023"", ""id"": 805}, {""display_name"": ""January 2023"", ""id"": 811}, {""display_name"": ""June 2022"", ""id"": 816}, {""display_name"": ""March 2019"", ""id"": 780}, {""display_name"": ""March 2020"", ""id"": 781}, {""display_name"": ""March 2021"", ""id"": 782}, {""display_name"": ""March 2023"", ""id"": 818}, {""display_name"": ""May 2022"", ""id"": 823}]","[]","","{}","[]","[""AK"", ""AL"", ""AR"", ""AZ"", ""CA"", ""CO"", ""CT"", ""DC"", ""DE"", ""FL"", ""GA"", ""HI"", ""IA"", ""ID"", ""IL"", ""IN"", ""KS"", ""KY"", ""LA"", ""MA"", ""MD"", ""ME"", ""MI"", ""MN"", ""MO"", ""MS"", ""MT"", ""NC"", ""ND"", ""NE"", ""NH"", ""NJ"", ""NM"", ""NV"", ""NY"", ""OH"", ""OK"", ""OR"", ""PA"", ""RI"", ""SC"", ""SD"", ""TN"", ""TX"", ""U.S."", ""UT"", ""VA"", ""VT"", ""WA"", ""WI"", ""WV"", ""WY""]","","","[""percentage""]","[{""display_name"": ""Percentage of Determinations"", ""id"": 651}]"
"FS.9","[{""display_name"": ""2021"", ""id"": 531}]","[]","{""display_name"": ""Metric"", ""values"": [{""value"": ""Status of Applications"", ""order"": ""1"", ""id"": 968, ""substratification"": null}, {""value"": ""Time from Submission to Approval"", ""order"": ""2"", ""id"": 967, ""substratification"": null}, {""value"": ""Days under Review"", ""order"": ""3"", ""id"": 969, ""substratification"": null}]}","{}","[]","[]","","{""display_name"": ""Metric"", ""values"": [{""value"": ""Status of Applications"", ""order"": ""1"", ""id"": 968, ""substratification"": null}, {""value"": ""Time from Submission to Approval"", ""order"": ""2"", ""id"": 967, ""substratification"": null}, {""value"": ""Days under Review"", ""order"": ""3"", ""id"": 969, ""substratification"": null}]}","[""count""]","[{""display_name"": ""Number of Demonstrations"", ""id"": 646}]"
"HC.1","[{""display_name"": ""2020"", ""id"": 534}, {""display_name"": ""2021"", ""id"": 531}, {""display_name"": ""2022"", ""id"": 854}]","[{""display_name"": ""Administrative"", ""id"": 635}]","","{""CHIP only"": {""id"": 640, ""values"": [{""id"": 635, ""display_name"": ""Administrative""}]}, ""Medicaid only"": {""id"": 642, ""values"": [{""id"": 635, ""display_name"": ""Administrative""}]}, ""Medicaid & CHIP"": {""id"": 641, ""values"": [{""id"": 635, ""display_name"": ""Administrative""}]}}","[{""display_name"": ""CHIP only"", ""id"": 640}, {""display_name"": ""Medicaid & CHIP"", ""id"": 641}, {""display_name"": ""Medicaid only"", ""id"": 642}]","[""AK"", ""AL"", ""AR"", ""AZ"", ""CA"", ""CO"", ""CT"", ""DC"", ""DE"", ""FL"", ""GA"", ""HI"", ""IA"", ""ID"", ""IL"", ""IN"", ""KS"", ""KY"", ""LA"", ""MA"", ""MD"", ""ME"", ""MI"", ""MN"", ""MO"", ""MS"", ""MT"", ""NC"", ""ND"", ""NE"", ""NH"", ""NJ"", ""NM"", ""NV"", ""NY"", ""OH"", ""OK"", ""OR"", ""PA"", ""PR"", ""RI"", ""SC"", ""SD"", ""TN"", ""TX"", ""UT"", ""VA"", ""VT"", ""WA"", ""WI"", ""WV"", ""WY""]","","","[""count""]","[{""display_name"": ""Number of Emergency Department Visits per 1,000 Beneficiary Months"", ""id"": 648}]"
"HC.10","[{""display_name"": ""2020"", ""id"": 534}, {""display_name"": ""2021"", ""id"": 531}, {""display_name"": ""2022"", ""id"": 854}]","[{""display_name"": ""Administrative"", ""id"": 635}]","","{""CHIP only"": {""id"": 640, ""values"": [{""id"": 635, ""display_name"": ""Administrative""}]}, ""Medicaid only"": {""id"": 642, ""values"": [{""id"": 635, ""display_name"": ""Administrative""}]}, ""Medicaid & CHIP"": {""id"": 641, ""values"": [{""id"": 635, ""display_name"": ""Administrative""}]}}","[{""display_name"": ""CHIP only"", ""id"": 640}, {""display_name"": ""Medicaid & CHIP"", ""id"": 641}, {""display_name"": ""Medicaid only"", ""id"": 642}]","[""AK"", ""AL"", ""AR"", ""AZ"", ""CA"", ""CO"", ""CT"", ""DC"", ""DE"", ""FL"", ""GA"", ""HI"", ""IA"", ""ID"", ""IL"", ""IN"", ""KS"", ""KY"", ""LA"", ""MA"", ""MD"", ""ME"", ""MI"", ""MN"", ""MO"", ""MS"", ""MT"", ""NC"", ""ND"", ""NE"", ""NH"", ""NJ"", ""NM"", ""NV"", ""NY"", ""OH"", ""OK"", ""OR"", ""PA"", ""PR"", ""RI"", ""SC"", ""SD"", ""TN"", ""TX"", ""UT"", ""VA"", ""VT"", ""WA"", ""WI"", ""WV"", ""WY""]","{""display_name"": ""Rate"", ""values"": [{""value"": ""7-Day Follow-Up"", ""order"": ""1"", ""id"": 247, ""substratification"": null}, {""value"": ""30-Day Follow-Up"", ""order"": ""2"", ""id"": 248, ""substratification"": null}]}","{""display_name"": ""Rate"", ""values"": [{""value"": ""7-Day Follow-Up"", ""order"": ""1"", ""id"": 247, ""substratification"": null}, {""value"": ""30-Day Follow-Up"", ""order"": ""2"", ""id"": 248, ""substratification"": null}]}","[""percentage""]","[{""display_name"": ""Percentage"", ""id"": 649}]"
"HC.11","[{""display_name"": ""2020"", ""id"": 534}, {""display_name"": ""2021"", ""id"": 531}, {""display_name"": ""2022"", ""id"": 854}]","[{""display_name"": ""Administrative"", ""id"": 635}, {""display_name"": ""Administrative & Hybrid"", ""id"": 636}, {""display_name"": ""Hybrid"", ""id"": 638}]","","{""CHIP only"": {""id"": 640, ""values"": [{""id"": 638, ""display_name"": ""Hybrid""}, {""id"": 635, ""display_name"": ""Administrative""}]}, ""Medicaid only"": {""id"": 642, ""values"": [{""id"": 636, ""display_name"": ""Administrative & Hybrid""}, {""id"": 638, ""display_name"": ""Hybrid""}, {""id"": 635, ""display_name"": ""Administrative""}]}, ""Medicaid & CHIP"": {""id"": 641, ""values"": [{""id"": 636, ""display_name"": ""Administrative & Hybrid""}, {""id"": 638, ""display_name"": ""Hybrid""}, {""id"": 635, ""display_name"": ""Administrative""}]}}","[{""display_name"": ""CHIP only"", ""id"": 640}, {""display_name"": ""Medicaid & CHIP"", ""id"": 641}, {""display_name"": ""Medicaid only"", ""id"": 642}]","[""AK"", ""AL"", ""AR"", ""AZ"", ""CA"", ""CO"", ""CT"", ""DC"", ""DE"", ""FL"", ""GA"", ""HI"", ""IA"", ""ID"", ""IL"", ""IN"", ""KS"", ""KY"", ""LA"", ""MA"", ""MD"", ""ME"", ""MI"", ""MN"", ""MO"", ""MS"", ""MT"", ""NC"", ""ND"", ""NE"", ""NH"", ""NJ"", ""NM"", ""NV"", ""NY"", ""OH"", ""OK"", ""OR"", ""PA"", ""PR"", ""RI"", ""SC"", ""SD"", ""TN"", ""TX"", ""UT"", ""VA"", ""VT"", ""WA"", ""WI"", ""WV"", ""WY""]","{""display_name"": ""Immunization Type"", ""values"": [{""value"": ""Combination 1"", ""order"": ""1"", ""id"": 266, ""substratification"": null}, {""value"": ""Human Papillomavirus (HPV) Vaccine"", ""order"": ""2"", ""id"": 265, ""substratification"": null}]}","{""display_name"": ""Immunization Type"", ""values"": [{""value"": ""Combination 1"", ""order"": ""1"", ""id"": 266, ""substratification"": null}, {""value"": ""Human Papillomavirus (HPV) Vaccine"", ""order"": ""2"", ""id"": 265, ""substratification"": null}]}","[""percentage""]","[{""display_name"": ""Percentage"", ""id"": 649}]"
"HC.12","[{""display_name"": ""2020"", ""id"": 534}, {""display_name"": ""2021"", ""id"": 531}, {""display_name"": ""2022"", ""id"": 854}]","[{""display_name"": ""Administrative"", ""id"": 635}, {""display_name"": ""Administrative & Electronic Health Records"", ""id"": 959}]","","{""Medicaid & Dual Eligibles"": {""id"": 645, ""values"": [{""id"": 635, ""display_name"": ""Administrative""}]}, ""Medicaid, CHIP, & Dual Eligibles"": {""id"": 962, ""values"": [{""id"": 635, ""display_name"": ""Administrative""}]}, ""Medicaid & CHIP"": {""id"": 641, ""values"": [{""id"": 959, ""display_name"": ""Administrative & Electronic Health Records""}, {""id"": 635, ""display_name"": ""Administrative""}]}, ""Medicaid, CHIP, & Other"": {""id"": 963, ""values"": [{""id"": 635, ""display_name"": ""Administrative""}]}, ""Medicaid"": {""id"": 643, ""values"": [{""id"": 635, ""display_name"": ""Administrative""}]}}","[{""display_name"": ""Medicaid"", ""id"": 643}, {""display_name"": ""Medicaid & CHIP"", ""id"": 641}, {""display_name"": ""Medicaid & Dual Eligibles"", ""id"": 645}, {""display_name"": ""Medicaid, CHIP, & Dual Eligibles"", ""id"": 962}, {""display_name"": ""Medicaid, CHIP, & Other"", ""id"": 963}]","[""AK"", ""AL"", ""AR"", ""AZ"", ""CA"", ""CO"", ""CT"", ""DC"", ""DE"", ""FL"", ""GA"", ""HI"", ""IA"", ""ID"", ""IL"", ""IN"", ""KS"", ""KY"", ""LA"", ""MA"", ""MD"", ""ME"", ""MI"", ""MN"", ""MO"", ""MS"", ""MT"", ""NC"", ""ND"", ""NE"", ""NH"", ""NJ"", ""NM"", ""NV"", ""NY"", ""OH"", ""OK"", ""OR"", ""PA"", ""PR"", ""RI"", ""SC"", ""SD"", ""TN"", ""TX"", ""UT"", ""VA"", ""VT"", ""WA"", ""WI"", ""WV"", ""WY""]","{""display_name"": ""Rate"", ""values"": [{""value"": ""Initiation"", ""order"": ""1"", ""substratification"": {""display_name"": ""Diagnosis"", ""values"": [{""value"": ""Total AOD Abuse or Dependence"", ""order"": ""1"", ""id"": 263, ""substratification"": null}, {""value"": ""Alcohol Abuse or Dependence"", ""order"": ""2"", ""id"": 264, ""substratification"": null}, {""value"": ""Opioid Abuse or Dependence"", ""order"": ""3"", ""id"": 262, ""substratification"": null}, {""value"": ""Other Drug Abuse or Dependence"", ""order"": ""4"", ""id"": 261, ""substratification"": null}]}}, {""value"": ""Engagement"", ""order"": ""2"", ""substratification"": {""display_name"": ""Diagnosis"", ""values"": [{""value"": ""Total AOD Abuse or Dependence"", ""order"": ""1"", ""id"": 259, ""substratification"": null}, {""value"": ""Alcohol Abuse or Dependence"", ""order"": ""2"", ""id"": 257, ""substratification"": null}, {""value"": ""Opioid Abuse or Dependence"", ""order"": ""3"", ""id"": 260, ""substratification"": null}, {""value"": ""Other Drug Abuse or Dependence"", ""order"": ""4"", ""id"": 258, ""substratification"": null}]}}]}","{""display_name"": ""Rate"", ""values"": [{""value"": ""Initiation"", ""order"": ""1"", ""substratification"": {""display_name"": ""Diagnosis"", ""values"": [{""value"": ""Total AOD Abuse or Dependence"", ""order"": ""1"", ""id"": 263, ""substratification"": null}, {""value"": ""Alcohol Abuse or Dependence"", ""order"": ""2"", ""id"": 264, ""substratification"": null}, {""value"": ""Opioid Abuse or Dependence"", ""order"": ""3"", ""id"": 262, ""substratification"": null}, {""value"": ""Other Drug Abuse or Dependence"", ""order"": ""4"", ""id"": 261, ""substratification"": null}]}}, {""value"": ""Engagement"", ""order"": ""2"", ""substratification"": {""display_name"": ""Diagnosis"", ""values"": [{""value"": ""Total AOD Abuse or Dependence"", ""order"": ""1"", ""id"": 259, ""substratification"": null}, {""value"": ""Alcohol Abuse or Dependence"", ""order"": ""2"", ""id"": 257, ""substratification"": null}, {""value"": ""Opioid Abuse or Dependence"", ""order"": ""3"", ""id"": 260, ""substratification"": null}, {""value"": ""Other Drug Abuse or Dependence"", ""order"": ""4"", ""id"": 258, ""substratification"": null}]}}]}","[""percentage""]","[{""display_name"": ""Percentage"", ""id"": 649}]"
"HC.13","[{""display_name"": ""2020"", ""id"": 534}, {""display_name"": ""2021"", ""id"": 531}, {""display_name"": ""2022"", ""id"": 854}]","[{""display_name"": ""Administrative"", ""id"": 635}]","","{""CHIP only"": {""id"": 640, ""values"": [{""id"": 635, ""display_name"": ""Administrative""}]}, ""Medicaid only"": {""id"": 642, ""values"": [{""id"": 635, ""display_name"": ""Administrative""}]}, ""Medicaid & CHIP"": {""id"": 641, ""values"": [{""id"": 635, ""display_name"": ""Administrative""}]}}","[{""display_name"": ""CHIP only"", ""id"": 640}, {""display_name"": ""Medicaid & CHIP"", ""id"": 641}, {""display_name"": ""Medicaid only"", ""id"": 642}]","[""AK"", ""AL"", ""AR"", ""AZ"", ""CA"", ""CO"", ""CT"", ""DC"", ""DE"", ""FL"", ""GA"", ""HI"", ""IA"", ""ID"", ""IL"", ""IN"", ""KS"", ""KY"", ""LA"", ""MA"", ""MD"", ""ME"", ""MI"", ""MN"", ""MO"", ""MS"", ""MT"", ""NC"", ""ND"", ""NE"", ""NH"", ""NJ"", ""NM"", ""NV"", ""NY"", ""OH"", ""OK"", ""OR"", ""PA"", ""PR"", ""RI"", ""SC"", ""SD"", ""TN"", ""TX"", ""UT"", ""VA"", ""VT"", ""WA"", ""WI"", ""WV"", ""WY""]","","","[""percentage""]","[{""display_name"": ""Percentage"", ""id"": 649}]"
"HC.14","[{""display_name"": ""2021"", ""id"": 531}, {""display_name"": ""2022"", ""id"": 854}]","[{""display_name"": ""Administrative"", ""id"": 635}]","","{""Medicaid only"": {""id"": 642, ""values"": [{""id"": 635, ""display_name"": ""Administrative""}]}}","[{""display_name"": ""Medicaid only"", ""id"": 642}]","[""AK"", ""AL"", ""AR"", ""AZ"", ""CA"", ""CO"", ""CT"", ""DC"", ""DE"", ""FL"", ""GA"", ""HI"", ""IA"", ""ID"", ""IL"", ""IN"", ""KS"", ""KY"", ""LA"", ""MA"", ""MD"", ""ME"", ""MI"", ""MN"", ""MO"", ""MS"", ""MT"", ""NC"", ""ND"", ""NE"", ""NH"", ""NJ"", ""NM"", ""NV"", ""NY"", ""OH"", ""OK"", ""OR"", ""PA"", ""PR"", ""RI"", ""SC"", ""SD"", ""TN"", ""TX"", ""UT"", ""VA"", ""VT"", ""WA"", ""WI"", ""WV"", ""WY""]","","","[""percentage""]","[{""display_name"": ""Percentage"", ""id"": 649}]"
"HC.15","[{""display_name"": ""2020"", ""id"": 534}, {""display_name"": ""2022"", ""id"": 854}]","[{""display_name"": ""NCI In-Person Survey"", ""id"": 639}]","","{""Medicaid"": {""id"": 643, ""values"": [{""id"": 639, ""display_name"": ""NCI In-Person Survey""}]}}","[{""display_name"": ""Medicaid"", ""id"": 643}]","[""AK"", ""AL"", ""AR"", ""AZ"", ""CA"", ""CO"", ""CT"", ""DC"", ""DE"", ""FL"", ""GA"", ""HI"", ""IA"", ""ID"", ""IL"", ""IN"", ""KS"", ""KY"", ""LA"", ""MA"", ""MD"", ""ME"", ""MI"", ""MN"", ""MO"", ""MS"", ""MT"", ""NC"", ""ND"", ""NE"", ""NH"", ""NJ"", ""NM"", ""NV"", ""NY"", ""OH"", ""OK"", ""OR"", ""PA"", ""PR"", ""RI"", ""SC"", ""SD"", ""TN"", ""TX"", ""UT"", ""VA"", ""VT"", ""WA"", ""WI"", ""WV"", ""WY""]","{""display_name"": ""Indicator"", ""values"": [{""value"": ""Percentage of people who make choices about their life decisions, including their residence, work, day activity, staff, and roommates"", ""order"": ""1"", ""id"": 347, ""substratification"": null}, {""value"": ""Percentage of people who make choices about their everyday lives, including their daily schedule, how to spend money, and free time activities"", ""order"": ""2"", ""id"": 349, ""substratification"": null}, {""value"": ""Percentage of people who reported they always have a way to get places when they need to go somewhere"", ""order"": ""3"", ""id"": 348, ""substratification"": null}]}","{""display_name"": ""Indicator"", ""values"": [{""value"": ""Percentage of people who make choices about their life decisions, including their residence, work, day activity, staff, and roommates"", ""order"": ""1"", ""id"": 347, ""substratification"": null}, {""value"": ""Percentage of people who make choices about their everyday lives, including their daily schedule, how to spend money, and free time activities"", ""order"": ""2"", ""id"": 349, ""substratification"": null}, {""value"": ""Percentage of people who reported they always have a way to get places when they need to go somewhere"", ""order"": ""3"", ""id"": 348, ""substratification"": null}]}","[""percentage""]","[{""display_name"": ""Percentage"", ""id"": 649}]"
"HC.16","[{""display_name"": ""2020"", ""id"": 534}, {""display_name"": ""2021"", ""id"": 531}, {""display_name"": ""2022"", ""id"": 854}]","[]","","{}","[]","[""AK"", ""AL"", ""AR"", ""AZ"", ""CA"", ""CO"", ""CT"", ""DC"", ""DE"", ""FL"", ""GA"", ""HI"", ""IA"", ""ID"", ""IL"", ""IN"", ""KS"", ""KY"", ""LA"", ""MA"", ""MD"", ""ME"", ""MI"", ""MN"", ""MO"", ""MS"", ""MT"", ""NC"", ""ND"", ""NE"", ""NH"", ""NJ"", ""NM"", ""NV"", ""NY"", ""OH"", ""OK"", ""OR"", ""PA"", ""RI"", ""SC"", ""SD"", ""TN"", ""TX"", ""UT"", ""VA"", ""VT"", ""WA"", ""WI"", ""WV"", ""WY""]","","","[""count""]","[{""display_name"": ""Number of Hospitalizations per 1,000 Long-Stay Resident Days"", ""id"": 684}]"
"HC.17","[{""display_name"": ""2022"", ""id"": 854}]","[{""display_name"": ""Administrative"", ""id"": 635}]","","{""CHIP only"": {""id"": 640, ""values"": [{""id"": 635, ""display_name"": ""Administrative""}]}, ""Medicaid only"": {""id"": 642, ""values"": [{""id"": 635, ""display_name"": ""Administrative""}]}, ""Medicaid & CHIP"": {""id"": 641, ""values"": [{""id"": 635, ""display_name"": ""Administrative""}]}}","[{""display_name"": ""CHIP only"", ""id"": 640}, {""display_name"": ""Medicaid & CHIP"", ""id"": 641}, {""display_name"": ""Medicaid only"", ""id"": 642}]","[""AK"", ""AL"", ""AR"", ""AZ"", ""CA"", ""CO"", ""CT"", ""DC"", ""DE"", ""FL"", ""GA"", ""HI"", ""IA"", ""ID"", ""IL"", ""IN"", ""KS"", ""KY"", ""LA"", ""MA"", ""MD"", ""ME"", ""MI"", ""MN"", ""MO"", ""MS"", ""MT"", ""NC"", ""ND"", ""NE"", ""NH"", ""NJ"", ""NM"", ""NV"", ""NY"", ""OH"", ""OK"", ""OR"", ""PA"", ""PR"", ""RI"", ""SC"", ""SD"", ""TN"", ""TX"", ""UT"", ""VA"", ""VT"", ""WA"", ""WI"", ""WV"", ""WY""]","","","[""percentage""]","[{""display_name"": ""Percentage"", ""id"": 649}]"
"HC.18","[{""display_name"": ""2020"", ""id"": 534}, {""display_name"": ""2021"", ""id"": 531}, {""display_name"": ""2022"", ""id"": 854}]","[]","","{}","[]","[""AK"", ""AL"", ""AR"", ""AZ"", ""CA"", ""CO"", ""CT"", ""DC"", ""DE"", ""FL"", ""GA"", ""GU"", ""HI"", ""IA"", ""ID"", ""IL"", ""IN"", ""KS"", ""KY"", ""LA"", ""MA"", ""MD"", ""ME"", ""MI"", ""MN"", ""MO"", ""MS"", ""MT"", ""NC"", ""ND"", ""NE"", ""NH"", ""NJ"", ""NM"", ""NV"", ""NY"", ""OH"", ""OK"", ""OR"", ""PA"", ""PR"", ""RI"", ""SC"", ""SD"", ""TN"", ""TX"", ""UT"", ""VA"", ""VT"", ""WA"", ""WI"", ""WV"", ""WY""]","","","[""percentage""]","[{""display_name"": ""Percentage of Long-Stay Residents Who Received an Antipsychotic Medication"", ""id"": 685}]"
"HC.19","[{""display_name"": ""2020"", ""id"": 534}, {""display_name"": ""2021"", ""id"": 531}, {""display_name"": ""2022"", ""id"": 854}]","[{""display_name"": ""Administrative"", ""id"": 635}]","","{""Medicaid & Dual Eligibles"": {""id"": 645, ""values"": [{""id"": 635, ""display_name"": ""Administrative""}]}, ""Medicaid, CHIP, & Dual Eligibles"": {""id"": 962, ""values"": [{""id"": 635, ""display_name"": ""Administrative""}]}, ""Medicaid & CHIP"": {""id"": 641, ""values"": [{""id"": 635, ""display_name"": ""Administrative""}]}, ""Medicaid, CHIP, & Other"": {""id"": 963, ""values"": [{""id"": 635, ""display_name"": ""Administrative""}]}, ""Medicaid"": {""id"": 643, ""values"": [{""id"": 635, ""display_name"": ""Administrative""}]}}","[{""display_name"": ""Medicaid"", ""id"": 643}, {""display_name"": ""Medicaid & CHIP"", ""id"": 641}, {""display_name"": ""Medicaid & Dual Eligibles"", ""id"": 645}, {""display_name"": ""Medicaid, CHIP, & Dual Eligibles"", ""id"": 962}, {""display_name"": ""Medicaid, CHIP, & Other"", ""id"": 963}]","[""AK"", ""AL"", ""AR"", ""AZ"", ""CA"", ""CO"", ""CT"", ""DC"", ""DE"", ""FL"", ""GA"", ""HI"", ""IA"", ""ID"", ""IL"", ""IN"", ""KS"", ""KY"", ""LA"", ""MA"", ""MD"", ""ME"", ""MI"", ""MN"", ""MO"", ""MS"", ""MT"", ""NC"", ""ND"", ""NE"", ""NH"", ""NJ"", ""NM"", ""NV"", ""NY"", ""OH"", ""OK"", ""OR"", ""PA"", ""PR"", ""RI"", ""SC"", ""SD"", ""TN"", ""TX"", ""UT"", ""VA"", ""VT"", ""WA"", ""WI"", ""WV"", ""WY""]","","","[""count""]","[{""display_name"": ""Number of Inpatient Hospital Admissions for Diabetes Short-Term Complications per 100,000 Beneficiary Months"", ""id"": 691}]"
"HC.2","[{""display_name"": ""2020"", ""id"": 534}, {""display_name"": ""2021"", ""id"": 531}, {""display_name"": ""2022"", ""id"": 854}]","[{""display_name"": ""Administrative"", ""id"": 635}]","","{""Medicaid & Dual Eligibles"": {""id"": 645, ""values"": [{""id"": 635, ""display_name"": ""Administrative""}]}, ""Medicaid, CHIP, & Dual Eligibles"": {""id"": 962, ""values"": [{""id"": 635, ""display_name"": ""Administrative""}]}, ""Medicaid & CHIP"": {""id"": 641, ""values"": [{""id"": 635, ""display_name"": ""Administrative""}]}, ""Medicaid, CHIP, & Other"": {""id"": 963, ""values"": [{""id"": 635, ""display_name"": ""Administrative""}]}, ""Medicaid"": {""id"": 643, ""values"": [{""id"": 635, ""display_name"": ""Administrative""}]}}","[{""display_name"": ""Medicaid"", ""id"": 643}, {""display_name"": ""Medicaid & CHIP"", ""id"": 641}, {""display_name"": ""Medicaid & Dual Eligibles"", ""id"": 645}, {""display_name"": ""Medicaid, CHIP, & Dual Eligibles"", ""id"": 962}, {""display_name"": ""Medicaid, CHIP, & Other"", ""id"": 963}]","[""AK"", ""AL"", ""AR"", ""AZ"", ""CA"", ""CO"", ""CT"", ""DC"", ""DE"", ""FL"", ""GA"", ""HI"", ""IA"", ""ID"", ""IL"", ""IN"", ""KS"", ""KY"", ""LA"", ""MA"", ""MD"", ""ME"", ""MI"", ""MN"", ""MO"", ""MS"", ""MT"", ""NC"", ""ND"", ""NE"", ""NH"", ""NJ"", ""NM"", ""NV"", ""NY"", ""OH"", ""OK"", ""OR"", ""PA"", ""PR"", ""RI"", ""SC"", ""SD"", ""TN"", ""TX"", ""UT"", ""VA"", ""VT"", ""WA"", ""WI"", ""WV"", ""WY""]","{""display_name"": ""Age"", ""values"": [{""value"": ""Total (Ages 19 to 64)"", ""order"": ""1"", ""id"": 210, ""substratification"": null}, {""value"": ""19 to 50"", ""order"": ""2"", ""id"": 211, ""substratification"": null}, {""value"": ""51 to 64"", ""order"": ""3"", ""id"": 209, ""substratification"": null}]}","{""display_name"": ""Age"", ""values"": [{""value"": ""Total (Ages 19 to 64)"", ""order"": ""1"", ""id"": 210, ""substratification"": null}, {""value"": ""19 to 50"", ""order"": ""2"", ""id"": 211, ""substratification"": null}, {""value"": ""51 to 64"", ""order"": ""3"", ""id"": 209, ""substratification"": null}]}","[""percentage""]","[{""display_name"": ""Percentage"", ""id"": 649}]"
"HC.20","[{""display_name"": ""2020"", ""id"": 534}, {""display_name"": ""2021"", ""id"": 531}, {""display_name"": ""2022"", ""id"": 854}]","[{""display_name"": ""Administrative"", ""id"": 635}, {""display_name"": ""Administrative & Hybrid"", ""id"": 636}, {""display_name"": ""Hybrid"", ""id"": 638}]","","{""Medicaid & CHIP"": {""id"": 641, ""values"": [{""id"": 636, ""display_name"": ""Administrative & Hybrid""}, {""id"": 638, ""display_name"": ""Hybrid""}, {""id"": 635, ""display_name"": ""Administrative""}]}, ""Medicaid & Dual Eligibles"": {""id"": 645, ""values"": [{""id"": 638, ""display_name"": ""Hybrid""}, {""id"": 635, ""display_name"": ""Administrative""}]}, ""Medicaid"": {""id"": 643, ""values"": [{""id"": 636, ""display_name"": ""Administrative & Hybrid""}, {""id"": 638, ""display_name"": ""Hybrid""}, {""id"": 635, ""display_name"": ""Administrative""}]}, ""Medicaid, CHIP, & Dual Eligibles"": {""id"": 962, ""values"": [{""id"": 636, ""display_name"": ""Administrative & Hybrid""}, {""id"": 638, ""display_name"": ""Hybrid""}, {""id"": 635, ""display_name"": ""Administrative""}]}}","[{""display_name"": ""Medicaid"", ""id"": 643}, {""display_name"": ""Medicaid & CHIP"", ""id"": 641}, {""display_name"": ""Medicaid & Dual Eligibles"", ""id"": 645}, {""display_name"": ""Medicaid, CHIP, & Dual Eligibles"", ""id"": 962}]","[""AK"", ""AL"", ""AR"", ""AZ"", ""CA"", ""CO"", ""CT"", ""DC"", ""DE"", ""FL"", ""GA"", ""HI"", ""IA"", ""ID"", ""IL"", ""IN"", ""KS"", ""KY"", ""LA"", ""MA"", ""MD"", ""ME"", ""MI"", ""MN"", ""MO"", ""MS"", ""MT"", ""NC"", ""ND"", ""NE"", ""NH"", ""NJ"", ""NM"", ""NV"", ""NY"", ""OH"", ""OK"", ""OR"", ""PA"", ""PR"", ""RI"", ""SC"", ""SD"", ""TN"", ""TX"", ""UT"", ""VA"", ""VT"", ""WA"", ""WI"", ""WV"", ""WY""]","","","[""percentage""]","[{""display_name"": ""Percentage"", ""id"": 649}]"
"HC.21","[{""display_name"": ""2020"", ""id"": 534}]","[]","","{}","[]","[""AK"", ""AL"", ""AR"", ""AZ"", ""CA"", ""CO"", ""CT"", ""DC"", ""DE"", ""FL"", ""GA"", ""HI"", ""IA"", ""ID"", ""IL"", ""IN"", ""KS"", ""KY"", ""LA"", ""MA"", ""MD"", ""ME"", ""MI"", ""MN"", ""MO"", ""MS"", ""MT"", ""NC"", ""ND"", ""NE"", ""NH"", ""NJ"", ""NM"", ""NV"", ""NY"", ""OH"", ""OK"", ""OR"", ""PA"", ""RI"", ""SC"", ""SD"", ""TN"", ""TX"", ""UT"", ""VA"", ""VT"", ""WA"", ""WI"", ""WV"", ""WY""]","","","[""count""]","[{""display_name"": ""Number of Surveys"", ""id"": 664}]"
"HC.22","[{""display_name"": ""2020"", ""id"": 534}, {""display_name"": ""2021"", ""id"": 531}, {""display_name"": ""2022"", ""id"": 854}]","[{""display_name"": ""Administrative"", ""id"": 635}]","","{""Medicaid & Dual Eligibles"": {""id"": 645, ""values"": [{""id"": 635, ""display_name"": ""Administrative""}]}, ""Medicaid, CHIP, & Dual Eligibles"": {""id"": 962, ""values"": [{""id"": 635, ""display_name"": ""Administrative""}]}, ""Medicaid & CHIP"": {""id"": 641, ""values"": [{""id"": 635, ""display_name"": ""Administrative""}]}, ""Medicaid, CHIP, & Other"": {""id"": 963, ""values"": [{""id"": 635, ""display_name"": ""Administrative""}]}, ""Medicaid"": {""id"": 643, ""values"": [{""id"": 635, ""display_name"": ""Administrative""}]}}","[{""display_name"": ""Medicaid"", ""id"": 643}, {""display_name"": ""Medicaid & CHIP"", ""id"": 641}, {""display_name"": ""Medicaid & Dual Eligibles"", ""id"": 645}, {""display_name"": ""Medicaid, CHIP, & Dual Eligibles"", ""id"": 962}, {""display_name"": ""Medicaid, CHIP, & Other"", ""id"": 963}]","[""AK"", ""AL"", ""AR"", ""AZ"", ""CA"", ""CO"", ""CT"", ""DC"", ""DE"", ""FL"", ""GA"", ""HI"", ""IA"", ""ID"", ""IL"", ""IN"", ""KS"", ""KY"", ""LA"", ""MA"", ""MD"", ""ME"", ""MI"", ""MN"", ""MO"", ""MS"", ""MT"", ""NC"", ""ND"", ""NE"", ""NH"", ""NJ"", ""NM"", ""NV"", ""NY"", ""OH"", ""OK"", ""OR"", ""PA"", ""PR"", ""RI"", ""SC"", ""SD"", ""TN"", ""TX"", ""UT"", ""VA"", ""VT"", ""WA"", ""WI"", ""WV"", ""WY""]","","","[""percentage""]","[{""display_name"": ""Percentage"", ""id"": 649}]"
"HC.23","[{""display_name"": ""2021"", ""id"": 531}, {""display_name"": ""2022"", ""id"": 854}]","[{""display_name"": ""Administrative"", ""id"": 635}]","","{""CHIP only"": {""id"": 640, ""values"": [{""id"": 635, ""display_name"": ""Administrative""}]}, ""Medicaid only"": {""id"": 642, ""values"": [{""id"": 635, ""display_name"": ""Administrative""}]}, ""Medicaid & CHIP"": {""id"": 641, ""values"": [{""id"": 635, ""display_name"": ""Administrative""}]}}","[{""display_name"": ""CHIP only"", ""id"": 640}, {""display_name"": ""Medicaid & CHIP"", ""id"": 641}, {""display_name"": ""Medicaid only"", ""id"": 642}]","[""AK"", ""AL"", ""AR"", ""AZ"", ""CA"", ""CO"", ""CT"", ""DC"", ""DE"", ""FL"", ""GA"", ""HI"", ""IA"", ""ID"", ""IL"", ""IN"", ""KS"", ""KY"", ""LA"", ""MA"", ""MD"", ""ME"", ""MI"", ""MN"", ""MO"", ""MS"", ""MT"", ""NC"", ""ND"", ""NE"", ""NH"", ""NJ"", ""NM"", ""NV"", ""NY"", ""OH"", ""OK"", ""OR"", ""PA"", ""PR"", ""RI"", ""SC"", ""SD"", ""TN"", ""TX"", ""UT"", ""VA"", ""VT"", ""WA"", ""WI"", ""WV"", ""WY""]","{""display_name"": ""Rate"", ""values"": [{""value"": ""6+ Visits First 15 months"", ""order"": ""1"", ""id"": 952, ""substratification"": null}, {""value"": ""2+ Visits 15 to 30 months"", ""order"": ""2"", ""id"": 951, ""substratification"": null}]}","{""display_name"": ""Rate"", ""values"": [{""value"": ""6+ Visits First 15 months"", ""order"": ""1"", ""id"": 952, ""substratification"": null}, {""value"": ""2+ Visits 15 to 30 months"", ""order"": ""2"", ""id"": 951, ""substratification"": null}]}","[""percentage""]","[{""display_name"": ""Percentage"", ""id"": 649}]"
"HC.3","[{""display_name"": ""2020"", ""id"": 534}, {""display_name"": ""2021"", ""id"": 531}, {""display_name"": ""2022"", ""id"": 854}]","[{""display_name"": ""Administrative"", ""id"": 635}]","","{""CHIP only"": {""id"": 640, ""values"": [{""id"": 635, ""display_name"": ""Administrative""}]}, ""Medicaid only"": {""id"": 642, ""values"": [{""id"": 635, ""display_name"": ""Administrative""}]}, ""Medicaid & CHIP"": {""id"": 641, ""values"": [{""id"": 635, ""display_name"": ""Administrative""}]}}","[{""display_name"": ""CHIP only"", ""id"": 640}, {""display_name"": ""Medicaid & CHIP"", ""id"": 641}, {""display_name"": ""Medicaid only"", ""id"": 642}]","[""AK"", ""AL"", ""AR"", ""AZ"", ""CA"", ""CO"", ""CT"", ""DC"", ""DE"", ""FL"", ""GA"", ""HI"", ""IA"", ""ID"", ""IL"", ""IN"", ""KS"", ""KY"", ""LA"", ""MA"", ""MD"", ""ME"", ""MI"", ""MN"", ""MO"", ""MS"", ""MT"", ""NC"", ""ND"", ""NE"", ""NH"", ""NJ"", ""NM"", ""NV"", ""NY"", ""OH"", ""OK"", ""OR"", ""PA"", ""PR"", ""RI"", ""SC"", ""SD"", ""TN"", ""TX"", ""UT"", ""VA"", ""VT"", ""WA"", ""WI"", ""WV"", ""WY""]","{""display_name"": ""Age"", ""values"": [{""value"": ""Total (Ages 5 to 18)"", ""order"": ""1"", ""id"": 212, ""substratification"": null}, {""value"": ""5 to 11"", ""order"": ""2"", ""id"": 213, ""substratification"": null}, {""value"": ""12 to 18"", ""order"": ""3"", ""id"": 214, ""substratification"": null}]}","{""display_name"": ""Age"", ""values"": [{""value"": ""Total (Ages 5 to 18)"", ""order"": ""1"", ""id"": 212, ""substratification"": null}, {""value"": ""5 to 11"", ""order"": ""2"", ""id"": 213, ""substratification"": null}, {""value"": ""12 to 18"", ""order"": ""3"", ""id"": 214, ""substratification"": null}]}","[""percentage""]","[{""display_name"": ""Percentage"", ""id"": 649}]"
"HC.4","[{""display_name"": ""2020"", ""id"": 534}, {""display_name"": ""2021"", ""id"": 531}, {""display_name"": ""2022"", ""id"": 854}]","[{""display_name"": ""Administrative"", ""id"": 635}, {""display_name"": ""Administrative & Electronic Health Records"", ""id"": 959}]","","{""Medicaid & Dual Eligibles"": {""id"": 645, ""values"": [{""id"": 959, ""display_name"": ""Administrative & Electronic Health Records""}, {""id"": 635, ""display_name"": ""Administrative""}]}, ""Medicaid, CHIP, & Dual Eligibles"": {""id"": 962, ""values"": [{""id"": 635, ""display_name"": ""Administrative""}]}, ""Medicaid & CHIP"": {""id"": 641, ""values"": [{""id"": 959, ""display_name"": ""Administrative & Electronic Health Records""}, {""id"": 635, ""display_name"": ""Administrative""}]}, ""Medicaid, CHIP, & Other"": {""id"": 963, ""values"": [{""id"": 635, ""display_name"": ""Administrative""}]}, ""Medicaid"": {""id"": 643, ""values"": [{""id"": 635, ""display_name"": ""Administrative""}]}}","[{""display_name"": ""Medicaid"", ""id"": 643}, {""display_name"": ""Medicaid & CHIP"", ""id"": 641}, {""display_name"": ""Medicaid & Dual Eligibles"", ""id"": 645}, {""display_name"": ""Medicaid, CHIP, & Dual Eligibles"", ""id"": 962}, {""display_name"": ""Medicaid, CHIP, & Other"", ""id"": 963}]","[""AK"", ""AL"", ""AR"", ""AZ"", ""CA"", ""CO"", ""CT"", ""DC"", ""DE"", ""FL"", ""GA"", ""HI"", ""IA"", ""ID"", ""IL"", ""IN"", ""KS"", ""KY"", ""LA"", ""MA"", ""MD"", ""ME"", ""MI"", ""MN"", ""MO"", ""MS"", ""MT"", ""NC"", ""ND"", ""NE"", ""NH"", ""NJ"", ""NM"", ""NV"", ""NY"", ""OH"", ""OK"", ""OR"", ""PA"", ""PR"", ""RI"", ""SC"", ""SD"", ""TN"", ""TX"", ""UT"", ""VA"", ""VT"", ""WA"", ""WI"", ""WV"", ""WY""]","","","[""percentage""]","[{""display_name"": ""Percentage"", ""id"": 649}]"
"HC.5","[{""display_name"": ""2021"", ""id"": 531}, {""display_name"": ""2022"", ""id"": 854}]","[{""display_name"": ""Administrative"", ""id"": 635}]","","{""CHIP only"": {""id"": 640, ""values"": [{""id"": 635, ""display_name"": ""Administrative""}]}, ""Medicaid only"": {""id"": 642, ""values"": [{""id"": 635, ""display_name"": ""Administrative""}]}, ""Medicaid & CHIP"": {""id"": 641, ""values"": [{""id"": 635, ""display_name"": ""Administrative""}]}}","[{""display_name"": ""CHIP only"", ""id"": 640}, {""display_name"": ""Medicaid & CHIP"", ""id"": 641}, {""display_name"": ""Medicaid only"", ""id"": 642}]","[""AK"", ""AL"", ""AR"", ""AZ"", ""CA"", ""CO"", ""CT"", ""DC"", ""DE"", ""FL"", ""GA"", ""HI"", ""IA"", ""ID"", ""IL"", ""IN"", ""KS"", ""KY"", ""LA"", ""MA"", ""MD"", ""ME"", ""MI"", ""MN"", ""MO"", ""MS"", ""MT"", ""NC"", ""ND"", ""NE"", ""NH"", ""NJ"", ""NM"", ""NV"", ""NY"", ""OH"", ""OK"", ""OR"", ""PA"", ""PR"", ""RI"", ""SC"", ""SD"", ""TN"", ""TX"", ""UT"", ""VA"", ""VT"", ""WA"", ""WI"", ""WV"", ""WY""]","{""display_name"": ""Rate"", ""values"": [{""value"": ""Total (Ages 3 to 21)"", ""order"": ""1"", ""id"": 953, ""substratification"": null}, {""value"": ""Ages 12 to 17"", ""order"": ""2"", ""id"": 956, ""substratification"": null}, {""value"": ""Ages 18 to 21"", ""order"": ""3"", ""id"": 955, ""substratification"": null}, {""value"": ""Ages 3 to 11"", ""order"": ""4"", ""id"": 954, ""substratification"": null}]}","{""display_name"": ""Rate"", ""values"": [{""value"": ""Total (Ages 3 to 21)"", ""order"": ""1"", ""id"": 953, ""substratification"": null}, {""value"": ""Ages 12 to 17"", ""order"": ""2"", ""id"": 956, ""substratification"": null}, {""value"": ""Ages 18 to 21"", ""order"": ""3"", ""id"": 955, ""substratification"": null}, {""value"": ""Ages 3 to 11"", ""order"": ""4"", ""id"": 954, ""substratification"": null}]}","[""percentage""]","[{""display_name"": ""Percentage"", ""id"": 649}]"
"HC.6","[{""display_name"": ""2020"", ""id"": 534}, {""display_name"": ""2021"", ""id"": 531}, {""display_name"": ""2022"", ""id"": 854}]","[{""display_name"": ""Administrative"", ""id"": 635}, {""display_name"": ""Administrative & Hybrid"", ""id"": 636}, {""display_name"": ""Electronic Health Records"", ""id"": 637}, {""display_name"": ""Hybrid"", ""id"": 638}, {""display_name"": ""Hybrid & Electronic Health Records"", ""id"": 960}]","","{""Medicaid & Dual Eligibles"": {""id"": 645, ""values"": [{""id"": 636, ""display_name"": ""Administrative & Hybrid""}, {""id"": 638, ""display_name"": ""Hybrid""}, {""id"": 635, ""display_name"": ""Administrative""}]}, ""Medicaid, CHIP, & Dual Eligibles"": {""id"": 962, ""values"": [{""id"": 636, ""display_name"": ""Administrative & Hybrid""}, {""id"": 637, ""display_name"": ""Electronic Health Records""}, {""id"": 638, ""display_name"": ""Hybrid""}, {""id"": 960, ""display_name"": ""Hybrid & Electronic Health Records""}]}, ""Medicaid & CHIP"": {""id"": 641, ""values"": [{""id"": 636, ""display_name"": ""Administrative & Hybrid""}, {""id"": 638, ""display_name"": ""Hybrid""}, {""id"": 635, ""display_name"": ""Administrative""}]}, ""Medicaid, CHIP, & Other"": {""id"": 963, ""values"": [{""id"": 638, ""display_name"": ""Hybrid""}]}, ""Medicaid"": {""id"": 643, ""values"": [{""id"": 636, ""display_name"": ""Administrative & Hybrid""}, {""id"": 638, ""display_name"": ""Hybrid""}, {""id"": 635, ""display_name"": ""Administrative""}]}}","[{""display_name"": ""Medicaid"", ""id"": 643}, {""display_name"": ""Medicaid & CHIP"", ""id"": 641}, {""display_name"": ""Medicaid & Dual Eligibles"", ""id"": 645}, {""display_name"": ""Medicaid, CHIP, & Dual Eligibles"", ""id"": 962}, {""display_name"": ""Medicaid, CHIP, & Other"", ""id"": 963}]","[""AK"", ""AL"", ""AR"", ""AZ"", ""CA"", ""CO"", ""CT"", ""DC"", ""DE"", ""FL"", ""GA"", ""HI"", ""IA"", ""ID"", ""IL"", ""IN"", ""KS"", ""KY"", ""LA"", ""MA"", ""MD"", ""ME"", ""MI"", ""MN"", ""MO"", ""MS"", ""MT"", ""NC"", ""ND"", ""NE"", ""NH"", ""NJ"", ""NM"", ""NV"", ""NY"", ""OH"", ""OK"", ""OR"", ""PA"", ""PR"", ""RI"", ""SC"", ""SD"", ""TN"", ""TX"", ""UT"", ""VA"", ""VT"", ""WA"", ""WI"", ""WV"", ""WY""]","","","[""percentage""]","[{""display_name"": ""Percentage"", ""id"": 649}]"
"HC.7","[{""display_name"": ""2020"", ""id"": 534}, {""display_name"": ""2021"", ""id"": 531}, {""display_name"": ""2022"", ""id"": 854}]","[{""display_name"": ""Administrative"", ""id"": 635}, {""display_name"": ""Administrative & Hybrid"", ""id"": 636}, {""display_name"": ""Administrative, Electronic Health Records, & Hybrid"", ""id"": 961}, {""display_name"": ""Electronic Health Records"", ""id"": 637}, {""display_name"": ""Hybrid"", ""id"": 638}]","","{""Medicaid & Dual Eligibles"": {""id"": 645, ""values"": [{""id"": 638, ""display_name"": ""Hybrid""}, {""id"": 635, ""display_name"": ""Administrative""}]}, ""Medicaid, CHIP, & Dual Eligibles"": {""id"": 962, ""values"": [{""id"": 636, ""display_name"": ""Administrative & Hybrid""}, {""id"": 637, ""display_name"": ""Electronic Health Records""}, {""id"": 638, ""display_name"": ""Hybrid""}]}, ""Medicaid & CHIP"": {""id"": 641, ""values"": [{""id"": 636, ""display_name"": ""Administrative & Hybrid""}, {""id"": 638, ""display_name"": ""Hybrid""}, {""id"": 961, ""display_name"": ""Administrative, Electronic Health Records, & Hybrid""}, {""id"": 635, ""display_name"": ""Administrative""}]}, ""Medicaid, CHIP, & Other"": {""id"": 963, ""values"": [{""id"": 638, ""display_name"": ""Hybrid""}]}, ""Medicaid"": {""id"": 643, ""values"": [{""id"": 636, ""display_name"": ""Administrative & Hybrid""}, {""id"": 638, ""display_name"": ""Hybrid""}, {""id"": 635, ""display_name"": ""Administrative""}]}}","[{""display_name"": ""Medicaid"", ""id"": 643}, {""display_name"": ""Medicaid & CHIP"", ""id"": 641}, {""display_name"": ""Medicaid & Dual Eligibles"", ""id"": 645}, {""display_name"": ""Medicaid, CHIP, & Dual Eligibles"", ""id"": 962}, {""display_name"": ""Medicaid, CHIP, & Other"", ""id"": 963}]","[""AK"", ""AL"", ""AR"", ""AZ"", ""CA"", ""CO"", ""CT"", ""DC"", ""DE"", ""FL"", ""GA"", ""HI"", ""IA"", ""ID"", ""IL"", ""IN"", ""KS"", ""KY"", ""LA"", ""MA"", ""MD"", ""ME"", ""MI"", ""MN"", ""MO"", ""MS"", ""MT"", ""NC"", ""ND"", ""NE"", ""NH"", ""NJ"", ""NM"", ""NV"", ""NY"", ""OH"", ""OK"", ""OR"", ""PA"", ""PR"", ""RI"", ""SC"", ""SD"", ""TN"", ""TX"", ""UT"", ""VA"", ""VT"", ""WA"", ""WI"", ""WV"", ""WY""]","","","[""percentage""]","[{""display_name"": ""Percentage"", ""id"": 649}]"
"HC.8","[{""display_name"": ""2020"", ""id"": 534}, {""display_name"": ""2021"", ""id"": 531}, {""display_name"": ""2022"", ""id"": 854}]","[{""display_name"": ""Administrative"", ""id"": 635}]","","{""Medicaid & Dual Eligibles"": {""id"": 645, ""values"": [{""id"": 635, ""display_name"": ""Administrative""}]}, ""Medicaid, CHIP, & Dual Eligibles"": {""id"": 962, ""values"": [{""id"": 635, ""display_name"": ""Administrative""}]}, ""Medicaid & CHIP"": {""id"": 641, ""values"": [{""id"": 635, ""display_name"": ""Administrative""}]}, ""Medicaid, CHIP, & Other"": {""id"": 963, ""values"": [{""id"": 635, ""display_name"": ""Administrative""}]}, ""Medicaid"": {""id"": 643, ""values"": [{""id"": 635, ""display_name"": ""Administrative""}]}, ""Other"": {""id"": 964, ""values"": [{""id"": 635, ""display_name"": ""Administrative""}]}}","[{""display_name"": ""Medicaid"", ""id"": 643}, {""display_name"": ""Medicaid & CHIP"", ""id"": 641}, {""display_name"": ""Medicaid & Dual Eligibles"", ""id"": 645}, {""display_name"": ""Medicaid, CHIP, & Dual Eligibles"", ""id"": 962}, {""display_name"": ""Medicaid, CHIP, & Other"", ""id"": 963}, {""display_name"": ""Other"", ""id"": 964}]","[""AK"", ""AL"", ""AR"", ""AZ"", ""CA"", ""CO"", ""CT"", ""DC"", ""DE"", ""FL"", ""GA"", ""HI"", ""IA"", ""ID"", ""IL"", ""IN"", ""KS"", ""KY"", ""LA"", ""MA"", ""MD"", ""ME"", ""MI"", ""MN"", ""MO"", ""MS"", ""MT"", ""NC"", ""ND"", ""NE"", ""NH"", ""NJ"", ""NM"", ""NV"", ""NY"", ""OH"", ""OK"", ""OR"", ""PA"", ""PR"", ""RI"", ""SC"", ""SD"", ""TN"", ""TX"", ""UT"", ""VA"", ""VT"", ""WA"", ""WI"", ""WV"", ""WY""]","{""display_name"": ""Rate"", ""values"": [{""value"": ""7-Day Follow-Up After ED Visit for Mental Illness"", ""order"": ""1"", ""id"": 250, ""substratification"": null}, {""value"": ""30-Day Follow-Up After ED Visit for Mental Illness"", ""order"": ""2"", ""id"": 249, ""substratification"": null}]}","{""display_name"": ""Rate"", ""values"": [{""value"": ""7-Day Follow-Up After ED Visit for Mental Illness"", ""order"": ""1"", ""id"": 250, ""substratification"": null}, {""value"": ""30-Day Follow-Up After ED Visit for Mental Illness"", ""order"": ""2"", ""id"": 249, ""substratification"": null}]}","[""percentage""]","[{""display_name"": ""Percentage"", ""id"": 649}]"
"HC.9","[{""display_name"": ""2020"", ""id"": 534}, {""display_name"": ""2021"", ""id"": 531}, {""display_name"": ""2022"", ""id"": 854}]","[{""display_name"": ""Administrative"", ""id"": 635}]","","{""Medicaid & Dual Eligibles"": {""id"": 645, ""values"": [{""id"": 635, ""display_name"": ""Administrative""}]}, ""Medicaid, CHIP, & Dual Eligibles"": {""id"": 962, ""values"": [{""id"": 635, ""display_name"": ""Administrative""}]}, ""Medicaid & CHIP"": {""id"": 641, ""values"": [{""id"": 635, ""display_name"": ""Administrative""}]}, ""Medicaid, CHIP, & Other"": {""id"": 963, ""values"": [{""id"": 635, ""display_name"": ""Administrative""}]}, ""Medicaid"": {""id"": 643, ""values"": [{""id"": 635, ""display_name"": ""Administrative""}]}}","[{""display_name"": ""Medicaid"", ""id"": 643}, {""display_name"": ""Medicaid & CHIP"", ""id"": 641}, {""display_name"": ""Medicaid & Dual Eligibles"", ""id"": 645}, {""display_name"": ""Medicaid, CHIP, & Dual Eligibles"", ""id"": 962}, {""display_name"": ""Medicaid, CHIP, & Other"", ""id"": 963}]","[""AK"", ""AL"", ""AR"", ""AZ"", ""CA"", ""CO"", ""CT"", ""DC"", ""DE"", ""FL"", ""GA"", ""HI"", ""IA"", ""ID"", ""IL"", ""IN"", ""KS"", ""KY"", ""LA"", ""MA"", ""MD"", ""ME"", ""MI"", ""MN"", ""MO"", ""MS"", ""MT"", ""NC"", ""ND"", ""NE"", ""NH"", ""NJ"", ""NM"", ""NV"", ""NY"", ""OH"", ""OK"", ""OR"", ""PA"", ""PR"", ""RI"", ""SC"", ""SD"", ""TN"", ""TX"", ""UT"", ""VA"", ""VT"", ""WA"", ""WI"", ""WV"", ""WY""]","{""display_name"": ""Rate"", ""values"": [{""value"": ""7-Day Follow-Up"", ""order"": ""1"", ""id"": 247, ""substratification"": null}, {""value"": ""30-Day Follow-Up"", ""order"": ""2"", ""id"": 248, ""substratification"": null}]}","{""display_name"": ""Rate"", ""values"": [{""value"": ""7-Day Follow-Up"", ""order"": ""1"", ""id"": 247, ""substratification"": null}, {""value"": ""30-Day Follow-Up"", ""order"": ""2"", ""id"": 248, ""substratification"": null}]}","[""percentage""]","[{""display_name"": ""Percentage"", ""id"": 649}]"
